ID,prediction
2019 X 7 X C4001 X AS21126,0.0
2019 X 7 X C4001 X AS27134,0.0
2019 X 7 X C4001 X AS27132,0.0
2019 X 7 X C4001 X AS27000,0.0
2019 X 7 X C4001 X AS27137,0.0
2019 X 7 X C4001 X AS27138,0.0
2019 X 7 X C4001 X AS27133,0.0
2019 X 7 X C4023 X AS27000,0.0
2019 X 7 X C4023 X AS27133,0.0
2019 X 8 X C4023 X AS27000,0.0
2019 X 8 X C4023 X AS27133,0.0
2019 X 8 X C4001 X AS21126,0.0
2019 X 8 X C4001 X AS27134,0.0
2019 X 8 X C4001 X AS27132,0.0
2019 X 8 X C4001 X AS27000,0.0
2019 X 8 X C4001 X AS27137,0.0
2019 X 8 X C4001 X AS27138,0.0
2019 X 8 X C4001 X AS27133,0.0
2019 X 9 X C4001 X AS27134,0.0
2019 X 9 X C4001 X AS27132,0.0
2019 X 9 X C4001 X AS27000,0.0
2019 X 9 X C4001 X AS27137,0.0
2019 X 9 X C4001 X AS27138,0.0
2019 X 9 X C4001 X AS27133,0.0
2019 X 9 X C4023 X AS27000,0.0
2019 X 9 X C4023 X AS27133,0.0
2019 X 7 X C1066 X AS27134,0.0
2019 X 7 X C1066 X AS27132,0.0
2019 X 7 X C1066 X AS27000,0.0
2019 X 7 X C1066 X AS27137,0.0
2019 X 7 X C1066 X AS27138,0.0
2019 X 7 X C1066 X AS27133,0.0
2019 X 7 X C1026 X AS27134,0.0
2019 X 7 X C1026 X AS27132,0.0
2019 X 7 X C1026 X AS27000,0.0
2019 X 7 X C1026 X AS27137,0.0
2019 X 7 X C1026 X AS27138,0.0
2019 X 7 X C1026 X AS27133,0.0
2019 X 7 X C1063 X AS42018,0.0
2019 X 7 X C1063 X AS21126,0.0
2019 X 7 X C1063 X AS46000,0.0
2019 X 7 X C1063 X AS17005,0.0
2019 X 7 X C1063 X AS27134,0.0
2019 X 7 X C1063 X AS27132,0.0
2019 X 7 X C1063 X AS27000,0.0
2019 X 7 X C1063 X AS27139,0.0
2019 X 7 X C1063 X AS27137,0.0
2019 X 7 X C1063 X AS27138,0.0
2019 X 7 X C1063 X AS27133,0.0
2019 X 7 X C1011 X AS21126,3.430040806531906
2019 X 7 X C1011 X AS46000,6.369687080383301
2019 X 7 X C1011 X AS27134,22.34819531440735
2019 X 7 X C1011 X AS27132,6.400129795074463
2019 X 7 X C1011 X AS27000,13.225738286972046
2019 X 7 X C1011 X AS27139,0.1629067063331604
2019 X 7 X C1011 X AS27137,6.8856117725372314
2019 X 7 X C1011 X AS27138,26.26679837703705
2019 X 7 X C1011 X AS27133,92.7802004814148
2019 X 7 X C1010 X AS27134,7.401474475860596
2019 X 7 X C1010 X AS27132,1.9317782670259476
2019 X 7 X C1010 X AS27000,10.052409648895264
2019 X 7 X C1010 X AS27137,13.373929560184479
2019 X 7 X C1010 X AS27138,5.947510987520218
2019 X 7 X C1010 X AS27133,52.61379063129425
2019 X 8 X C1026 X AS27134,0.0
2019 X 8 X C1026 X AS27132,0.0
2019 X 8 X C1026 X AS27000,0.0
2019 X 8 X C1026 X AS27137,0.0
2019 X 8 X C1026 X AS27138,0.0
2019 X 8 X C1026 X AS27133,0.0
2019 X 8 X C1066 X AS27134,0.0
2019 X 8 X C1066 X AS27132,0.0
2019 X 8 X C1066 X AS27000,0.0
2019 X 8 X C1066 X AS27137,0.0
2019 X 8 X C1066 X AS27138,0.0
2019 X 8 X C1066 X AS27133,0.0
2019 X 8 X C1010 X AS27134,8.510730504989624
2019 X 8 X C1010 X AS27132,1.7065765261650085
2019 X 8 X C1010 X AS27000,8.488301247358322
2019 X 8 X C1010 X AS27137,16.051619052886963
2019 X 8 X C1010 X AS27138,6.641151666641235
2019 X 8 X C1010 X AS27133,50.399887561798096
2019 X 8 X C1063 X AS42018,0.0
2019 X 8 X C1063 X AS21126,0.0
2019 X 8 X C1063 X AS46000,0.0
2019 X 8 X C1063 X AS17005,0.0
2019 X 8 X C1063 X AS27134,0.0
2019 X 8 X C1063 X AS27132,0.0
2019 X 8 X C1063 X AS27000,0.0
2019 X 8 X C1063 X AS27139,0.0
2019 X 8 X C1063 X AS27137,0.0
2019 X 8 X C1063 X AS27138,0.0
2019 X 8 X C1063 X AS27133,0.0
2019 X 8 X C1011 X AS21126,3.489732563495636
2019 X 8 X C1011 X AS46000,7.54587596654892
2019 X 8 X C1011 X AS27134,28.527069568634033
2019 X 8 X C1011 X AS27132,7.334375381469727
2019 X 8 X C1011 X AS27000,13.89847731590271
2019 X 8 X C1011 X AS27139,0.19483211636543274
2019 X 8 X C1011 X AS27137,7.967275857925415
2019 X 8 X C1011 X AS27138,26.71364140510559
2019 X 8 X C1011 X AS27133,100.46885132789612
2019 X 9 X C1011 X AS21126,3.6113549172878265
2019 X 9 X C1011 X AS46000,8.508100986480713
2019 X 9 X C1011 X AS27134,36.9557580947876
2019 X 9 X C1011 X AS27132,8.22112262248993
2019 X 9 X C1011 X AS27000,14.54267930984497
2019 X 9 X C1011 X AS27139,0.22146427631378174
2019 X 9 X C1011 X AS27137,9.07051134109497
2019 X 9 X C1011 X AS27138,27.12847262620926
2019 X 9 X C1011 X AS27133,109.21087980270386
2019 X 9 X C1026 X AS27134,0.0
2019 X 9 X C1026 X AS27132,0.0
2019 X 9 X C1026 X AS27000,0.0
2019 X 9 X C1026 X AS27137,0.0
2019 X 9 X C1026 X AS27138,0.0
2019 X 9 X C1026 X AS27133,0.0
2019 X 9 X C1063 X AS21126,0.0
2019 X 9 X C1063 X AS42018,0.0
2019 X 9 X C1063 X AS46000,0.0
2019 X 9 X C1063 X AS17005,0.0
2019 X 9 X C1063 X AS27134,0.0
2019 X 9 X C1063 X AS27132,0.0
2019 X 9 X C1063 X AS27000,0.0
2019 X 9 X C1063 X AS27139,0.0
2019 X 9 X C1063 X AS27137,0.0
2019 X 9 X C1063 X AS27138,0.0
2019 X 9 X C1063 X AS27133,0.0
2019 X 9 X C1066 X AS27134,0.0
2019 X 9 X C1066 X AS27132,0.0
2019 X 9 X C1066 X AS27000,0.0
2019 X 9 X C1066 X AS27137,0.0
2019 X 9 X C1066 X AS27138,0.0
2019 X 9 X C1066 X AS27133,0.0
2019 X 9 X C1010 X AS27134,9.627218842506409
2019 X 9 X C1010 X AS27132,1.5120127648115158
2019 X 9 X C1010 X AS27000,7.225995302200317
2019 X 9 X C1010 X AS27137,19.459016919136047
2019 X 9 X C1010 X AS27138,7.379708290100098
2019 X 9 X C1010 X AS27133,48.62759172916412
2019 X 7 X C1008 X AS42018,0.011699811555445194
2019 X 7 X C1008 X AS21126,0.10296343266963959
2019 X 7 X C1008 X AS27134,1.5620748698711395
2019 X 7 X C1008 X AS27132,0.27577766217291355
2019 X 7 X C1008 X AS27000,18.391799926757812
2019 X 7 X C1008 X AS27137,3.879319578409195
2019 X 7 X C1008 X AS27138,6.351243183016777
2019 X 7 X C1008 X AS27133,7.725933194160461
2019 X 8 X C1008 X AS27134,0.8024753630161285
2019 X 8 X C1008 X AS27000,18.453934639692307
2019 X 8 X C1008 X AS27137,3.178614154458046
2019 X 8 X C1008 X AS27138,5.5502089112997055
2019 X 8 X C1008 X AS27133,6.105005368590355
2019 X 9 X C1008 X AS27134,0.21575145423412323
2019 X 9 X C1008 X AS27000,18.512090295553207
2019 X 9 X C1008 X AS27137,2.5649649649858475
2019 X 9 X C1008 X AS27138,4.802703484892845
2019 X 9 X C1008 X AS27133,4.683063179254532
2019 X 7 X C1679 X AS46000,0.0
2019 X 7 X C1679 X AS27134,0.0
2019 X 7 X C1679 X AS27000,0.0
2019 X 7 X C1679 X AS27139,0.0
2019 X 7 X C1679 X AS27138,0.0
2019 X 7 X C1679 X AS27133,0.0
2019 X 7 X C1082 X AS21126,0.0
2019 X 7 X C1082 X AS27134,0.0
2019 X 7 X C1082 X AS27132,0.0
2019 X 7 X C1082 X AS27000,0.0
2019 X 7 X C1082 X AS27137,0.0
2019 X 7 X C1082 X AS27138,0.0
2019 X 7 X C1082 X AS27133,0.0
2019 X 8 X C1082 X AS21126,0.0
2019 X 8 X C1082 X AS27134,0.0
2019 X 8 X C1082 X AS27132,0.0
2019 X 8 X C1082 X AS27000,0.0
2019 X 8 X C1082 X AS27137,0.0
2019 X 8 X C1082 X AS27138,0.0
2019 X 8 X C1082 X AS27133,0.0
2019 X 8 X C1679 X AS46000,0.0
2019 X 8 X C1679 X AS27134,0.0
2019 X 8 X C1679 X AS27000,0.0
2019 X 8 X C1679 X AS27139,0.0
2019 X 8 X C1679 X AS27138,0.0
2019 X 8 X C1679 X AS27133,0.0
2019 X 9 X C1082 X AS21126,0.0
2019 X 9 X C1082 X AS27134,0.0
2019 X 9 X C1082 X AS27132,0.0
2019 X 9 X C1082 X AS27000,0.0
2019 X 9 X C1082 X AS27137,0.0
2019 X 9 X C1082 X AS27138,0.0
2019 X 9 X C1082 X AS27133,0.0
2019 X 9 X C1679 X AS46000,0.0
2019 X 9 X C1679 X AS27000,0.0
2019 X 9 X C1679 X AS27139,0.0
2019 X 9 X C1679 X AS27138,0.0
2019 X 9 X C1679 X AS27133,0.0
2019 X 7 X C1106 X AS21126,0.0
2019 X 7 X C1106 X AS27134,0.0
2019 X 7 X C1106 X AS27132,0.0
2019 X 7 X C1106 X AS27000,0.0
2019 X 7 X C1106 X AS27138,0.0
2019 X 7 X C1106 X AS27133,0.0
2019 X 7 X C1681 X AS21126,0.0
2019 X 7 X C1681 X AS17005,0.0
2019 X 7 X C1681 X AS27134,0.0
2019 X 7 X C1681 X AS27132,0.0
2019 X 7 X C1681 X AS27000,0.0
2019 X 7 X C1681 X AS27137,0.0
2019 X 7 X C1681 X AS27138,0.0
2019 X 7 X C1681 X AS27133,0.0
2019 X 7 X C1062 X AS21126,0.0
2019 X 7 X C1062 X AS27134,0.0
2019 X 7 X C1062 X AS27132,0.0
2019 X 7 X C1062 X AS27000,0.0
2019 X 7 X C1062 X AS27139,0.0
2019 X 7 X C1062 X AS27137,0.0
2019 X 7 X C1062 X AS27138,0.0
2019 X 7 X C1062 X AS27133,0.0
2019 X 7 X C1034 X AS27134,0.0
2019 X 7 X C1034 X AS27132,0.0
2019 X 7 X C1034 X AS27000,0.0
2019 X 7 X C1034 X AS27138,6.999999999999999
2019 X 7 X C1034 X AS27133,0.0
2019 X 7 X C1413 X AS21126,0.0
2019 X 7 X C1413 X AS27134,0.0
2019 X 7 X C1413 X AS27132,0.0
2019 X 7 X C1413 X AS27000,0.0
2019 X 7 X C1413 X AS27138,0.0
2019 X 7 X C1413 X AS27133,0.0
2019 X 7 X C1054 X AS21126,0.0
2019 X 7 X C1054 X AS27134,0.0
2019 X 7 X C1054 X AS27132,0.0
2019 X 7 X C1054 X AS27000,0.0
2019 X 7 X C1054 X AS27137,0.0
2019 X 7 X C1054 X AS27138,0.0
2019 X 7 X C1054 X AS27133,0.0
2019 X 7 X C1014 X AS42018,0.0
2019 X 7 X C1014 X AS21126,0.10926084965467453
2019 X 7 X C1014 X AS46000,0.0
2019 X 7 X C1014 X AS17005,0.1878162920475006
2019 X 7 X C1014 X AS27134,0.04667331278324127
2019 X 7 X C1014 X AS27132,0.08872552216053009
2019 X 7 X C1014 X AS27000,1.3143648505210876
2019 X 7 X C1014 X AS27139,0.0
2019 X 7 X C1014 X AS27137,0.0
2019 X 7 X C1014 X AS27138,0.0
2019 X 7 X C1014 X AS27133,3.3228770792484283
2019 X 7 X C1059 X AS21126,0.0
2019 X 7 X C1059 X AS27134,0.0
2019 X 7 X C1059 X AS27132,0.0
2019 X 7 X C1059 X AS27000,0.0
2019 X 7 X C1059 X AS27137,0.0
2019 X 7 X C1059 X AS27138,0.0
2019 X 7 X C1059 X AS27133,0.0
2019 X 7 X C1051 X AS21126,0.0
2019 X 7 X C1051 X AS27134,0.0
2019 X 7 X C1051 X AS27132,0.0
2019 X 7 X C1051 X AS27000,0.0
2019 X 7 X C1051 X AS27137,0.0
2019 X 7 X C1051 X AS27138,0.0
2019 X 7 X C1051 X AS27133,0.0
2019 X 8 X C1413 X AS21126,0.0
2019 X 8 X C1413 X AS27134,0.0
2019 X 8 X C1413 X AS27132,0.0
2019 X 8 X C1413 X AS27000,0.0
2019 X 8 X C1413 X AS27138,0.0
2019 X 8 X C1413 X AS27133,0.0
2019 X 8 X C1054 X AS21126,0.0
2019 X 8 X C1054 X AS27134,0.0
2019 X 8 X C1054 X AS27132,0.0
2019 X 8 X C1054 X AS27000,0.0
2019 X 8 X C1054 X AS27137,0.0
2019 X 8 X C1054 X AS27138,0.0
2019 X 8 X C1054 X AS27133,0.0
2019 X 8 X C1014 X AS42018,0.0
2019 X 8 X C1014 X AS21126,0.1283949911594391
2019 X 8 X C1014 X AS46000,0.0
2019 X 8 X C1014 X AS17005,0.19971291720867157
2019 X 8 X C1014 X AS27134,0.04418084770441055
2019 X 8 X C1014 X AS27132,0.09710630774497986
2019 X 8 X C1014 X AS27000,1.2589604258537292
2019 X 8 X C1014 X AS27139,0.0
2019 X 8 X C1014 X AS27137,0.0
2019 X 8 X C1014 X AS27138,0.0
2019 X 8 X C1014 X AS27133,2.775850832462311
2019 X 8 X C1059 X AS21126,0.0
2019 X 8 X C1059 X AS27134,0.0
2019 X 8 X C1059 X AS27132,0.0
2019 X 8 X C1059 X AS27000,0.0
2019 X 8 X C1059 X AS27137,0.0
2019 X 8 X C1059 X AS27138,0.0
2019 X 8 X C1059 X AS27133,0.0
2019 X 8 X C1051 X AS21126,0.0
2019 X 8 X C1051 X AS27134,0.0
2019 X 8 X C1051 X AS27132,0.0
2019 X 8 X C1051 X AS27000,0.0
2019 X 8 X C1051 X AS27137,0.0
2019 X 8 X C1051 X AS27138,0.0
2019 X 8 X C1051 X AS27133,0.0
2019 X 8 X C1034 X AS27134,0.0
2019 X 8 X C1034 X AS27132,0.0
2019 X 8 X C1034 X AS27000,0.0
2019 X 8 X C1034 X AS27138,6.999999999999999
2019 X 8 X C1034 X AS27133,0.0
2019 X 8 X C1681 X AS21126,0.0
2019 X 8 X C1681 X AS17005,0.0
2019 X 8 X C1681 X AS27134,0.0
2019 X 8 X C1681 X AS27132,0.0
2019 X 8 X C1681 X AS27000,0.0
2019 X 8 X C1681 X AS27137,0.0
2019 X 8 X C1681 X AS27138,0.0
2019 X 8 X C1681 X AS27133,0.0
2019 X 8 X C1106 X AS21126,0.0
2019 X 8 X C1106 X AS27134,0.0
2019 X 8 X C1106 X AS27132,0.0
2019 X 8 X C1106 X AS27000,0.0
2019 X 8 X C1106 X AS27138,0.0
2019 X 8 X C1106 X AS27133,0.0
2019 X 8 X C1062 X AS21126,0.0
2019 X 8 X C1062 X AS27134,0.0
2019 X 8 X C1062 X AS27132,0.0
2019 X 8 X C1062 X AS27000,0.0
2019 X 8 X C1062 X AS27139,0.0
2019 X 8 X C1062 X AS27137,0.0
2019 X 8 X C1062 X AS27138,0.0
2019 X 8 X C1062 X AS27133,0.0
2019 X 9 X C1413 X AS21126,0.0
2019 X 9 X C1413 X AS27134,0.0
2019 X 9 X C1413 X AS27132,0.0
2019 X 9 X C1413 X AS27000,0.0
2019 X 9 X C1413 X AS27138,0.0
2019 X 9 X C1413 X AS27133,0.0
2019 X 9 X C1014 X AS42018,0.0
2019 X 9 X C1014 X AS21126,0.1437491774559021
2019 X 9 X C1014 X AS46000,0.0
2019 X 9 X C1014 X AS17005,0.20876426994800568
2019 X 9 X C1014 X AS27134,0.04249901324510574
2019 X 9 X C1014 X AS27132,0.10348524153232574
2019 X 9 X C1014 X AS27000,1.207900196313858
2019 X 9 X C1014 X AS27139,0.0
2019 X 9 X C1014 X AS27137,0.0
2019 X 9 X C1014 X AS27138,0.0
2019 X 9 X C1014 X AS27133,2.3493445962667465
2019 X 9 X C1059 X AS27134,0.0
2019 X 9 X C1059 X AS27132,0.0
2019 X 9 X C1059 X AS27000,0.0
2019 X 9 X C1059 X AS27137,0.0
2019 X 9 X C1059 X AS27138,0.0
2019 X 9 X C1059 X AS27133,0.0
2019 X 9 X C1051 X AS27134,0.0
2019 X 9 X C1051 X AS27132,0.0
2019 X 9 X C1051 X AS27000,0.0
2019 X 9 X C1051 X AS27137,0.0
2019 X 9 X C1051 X AS27138,0.0
2019 X 9 X C1051 X AS27133,0.0
2019 X 9 X C1106 X AS21126,0.0
2019 X 9 X C1106 X AS27134,0.0
2019 X 9 X C1106 X AS27132,0.0
2019 X 9 X C1106 X AS27000,0.0
2019 X 9 X C1106 X AS27138,0.0
2019 X 9 X C1106 X AS27133,0.0
2019 X 9 X C1681 X AS21126,0.0
2019 X 9 X C1681 X AS17005,0.0
2019 X 9 X C1681 X AS27134,0.0
2019 X 9 X C1681 X AS27132,0.0
2019 X 9 X C1681 X AS27000,0.0
2019 X 9 X C1681 X AS27137,0.0
2019 X 9 X C1681 X AS27138,0.0
2019 X 9 X C1681 X AS27133,0.0
2019 X 9 X C1062 X AS21126,0.0
2019 X 9 X C1062 X AS27134,0.0
2019 X 9 X C1062 X AS27132,0.0
2019 X 9 X C1062 X AS27000,0.0
2019 X 9 X C1062 X AS27139,0.0
2019 X 9 X C1062 X AS27137,0.0
2019 X 9 X C1062 X AS27138,0.0
2019 X 9 X C1062 X AS27133,0.0
2019 X 9 X C1034 X AS27134,0.0
2019 X 9 X C1034 X AS27132,0.0
2019 X 9 X C1034 X AS27000,0.0
2019 X 9 X C1034 X AS27138,6.999999999999999
2019 X 9 X C1034 X AS27133,0.0
2019 X 9 X C1054 X AS21126,0.0
2019 X 9 X C1054 X AS27134,0.0
2019 X 9 X C1054 X AS27132,0.0
2019 X 9 X C1054 X AS27000,0.0
2019 X 9 X C1054 X AS27137,0.0
2019 X 9 X C1054 X AS27138,0.0
2019 X 9 X C1054 X AS27133,0.0
2019 X 7 X C4037 X AS21126,0.0
2019 X 7 X C4037 X AS46000,0.0
2019 X 7 X C4037 X AS27134,0.0
2019 X 7 X C4037 X AS27132,0.0
2019 X 7 X C4037 X AS27000,0.0
2019 X 7 X C4037 X AS27137,0.0
2019 X 7 X C4037 X AS27138,0.0
2019 X 7 X C4037 X AS27133,0.0
2019 X 8 X C4037 X AS21126,0.0
2019 X 8 X C4037 X AS46000,0.0
2019 X 8 X C4037 X AS27134,0.0
2019 X 8 X C4037 X AS27132,0.0
2019 X 8 X C4037 X AS27000,0.0
2019 X 8 X C4037 X AS27137,0.0
2019 X 8 X C4037 X AS27138,0.0
2019 X 8 X C4037 X AS27133,0.0
2019 X 9 X C4037 X AS21126,0.0
2019 X 9 X C4037 X AS46000,0.0
2019 X 9 X C4037 X AS27134,0.0
2019 X 9 X C4037 X AS27132,0.0
2019 X 9 X C4037 X AS27000,0.0
2019 X 9 X C4037 X AS27137,0.0
2019 X 9 X C4037 X AS27138,0.0
2019 X 9 X C4037 X AS27133,0.0
2019 X 7 X C1004 X AS27132,1.6891828179359436
2019 X 7 X C1004 X AS27000,13.355630248785019
2019 X 7 X C1004 X AS27137,8.217421025037766
2019 X 7 X C1004 X AS27138,7.910468578338623
2019 X 7 X C1004 X AS27133,60.569950103759766
2019 X 8 X C1004 X AS27132,1.6769236326217651
2019 X 8 X C1004 X AS27000,12.796094164252281
2019 X 8 X C1004 X AS27137,7.670912861824036
2019 X 8 X C1004 X AS27138,7.501804828643799
2019 X 8 X C1004 X AS27133,64.48487424850464
2019 X 9 X C1004 X AS21126,0.0
2019 X 9 X C1004 X AS27134,21.07606190443039
2019 X 9 X C1004 X AS27132,1.6647395491600037
2019 X 9 X C1004 X AS27000,12.220042079687119
2019 X 9 X C1004 X AS27137,7.132545858621597
2019 X 9 X C1004 X AS27138,7.094246745109558
2019 X 9 X C1004 X AS27133,68.73691320419312
2019 X 7 X C4014 X AS21126,0.0
2019 X 7 X C4014 X AS27132,0.0
2019 X 7 X C4014 X AS27000,0.0
2019 X 7 X C4014 X AS27137,0.0
2019 X 8 X C4014 X AS21126,0.0
2019 X 8 X C4014 X AS27132,0.0
2019 X 8 X C4014 X AS27000,0.0
2019 X 8 X C4014 X AS27137,0.0
2019 X 9 X C4014 X AS21126,0.0
2019 X 9 X C4014 X AS27132,0.0
2019 X 9 X C4014 X AS27000,0.0
2019 X 9 X C4014 X AS27137,0.0
2019 X 7 X C4061 X AS21126,0.0
2019 X 7 X C4061 X AS27134,0.0
2019 X 7 X C4061 X AS27132,0.0
2019 X 7 X C4061 X AS27000,0.0
2019 X 7 X C4061 X AS27137,0.0
2019 X 7 X C4061 X AS27138,0.0
2019 X 7 X C4061 X AS27133,0.0
2019 X 7 X C4015 X AS27134,0.0
2019 X 7 X C4015 X AS27132,0.0
2019 X 7 X C4015 X AS27000,0.0
2019 X 7 X C4015 X AS27137,0.0
2019 X 7 X C4015 X AS27138,0.0
2019 X 7 X C4015 X AS27133,0.0
2019 X 7 X C4038 X AS42018,0.0
2019 X 7 X C4038 X AS21126,0.0
2019 X 7 X C4038 X AS27134,0.0
2019 X 7 X C4038 X AS27132,0.0
2019 X 7 X C4038 X AS27000,0.0
2019 X 7 X C4038 X AS27139,0.0
2019 X 7 X C4038 X AS27137,0.0
2019 X 7 X C4038 X AS27138,0.0
2019 X 7 X C4038 X AS27133,0.0
2019 X 8 X C4061 X AS21126,0.0
2019 X 8 X C4061 X AS27134,0.0
2019 X 8 X C4061 X AS27132,0.0
2019 X 8 X C4061 X AS27000,0.0
2019 X 8 X C4061 X AS27137,0.0
2019 X 8 X C4061 X AS27138,0.0
2019 X 8 X C4061 X AS27133,0.0
2019 X 8 X C4015 X AS27134,0.0
2019 X 8 X C4015 X AS27132,0.0
2019 X 8 X C4015 X AS27000,0.0
2019 X 8 X C4015 X AS27137,0.0
2019 X 8 X C4015 X AS27138,0.0
2019 X 8 X C4015 X AS27133,0.0
2019 X 8 X C4038 X AS21126,0.0
2019 X 8 X C4038 X AS42018,0.0
2019 X 8 X C4038 X AS27134,0.0
2019 X 8 X C4038 X AS27132,0.0
2019 X 8 X C4038 X AS27000,0.0
2019 X 8 X C4038 X AS27139,0.0
2019 X 8 X C4038 X AS27137,0.0
2019 X 8 X C4038 X AS27138,0.0
2019 X 8 X C4038 X AS27133,0.0
2019 X 9 X C4061 X AS21126,0.0
2019 X 9 X C4061 X AS27134,0.0
2019 X 9 X C4061 X AS27132,0.0
2019 X 9 X C4061 X AS27000,0.0
2019 X 9 X C4061 X AS27137,0.0
2019 X 9 X C4061 X AS27138,0.0
2019 X 9 X C4061 X AS27133,0.0
2019 X 9 X C4015 X AS27134,0.0
2019 X 9 X C4015 X AS27132,0.0
2019 X 9 X C4015 X AS27000,0.0
2019 X 9 X C4015 X AS27137,0.0
2019 X 9 X C4015 X AS27138,0.0
2019 X 9 X C4015 X AS27133,0.0
2019 X 9 X C4038 X AS42018,0.0
2019 X 9 X C4038 X AS21126,0.0
2019 X 9 X C4038 X AS27134,0.0
2019 X 9 X C4038 X AS27132,0.0
2019 X 9 X C4038 X AS27000,0.0
2019 X 9 X C4038 X AS27139,0.0
2019 X 9 X C4038 X AS27137,0.0
2019 X 9 X C4038 X AS27138,0.0
2019 X 9 X C4038 X AS27133,0.0
2019 X 7 X C1093 X AS46000,0.0
2019 X 7 X C1093 X AS27000,0.0
2019 X 7 X C1093 X AS27139,0.0
2019 X 7 X C1093 X AS27133,0.0
2019 X 7 X C1083 X AS46000,0.0
2019 X 7 X C1083 X AS27000,0.0
2019 X 7 X C1083 X AS27138,0.0
2019 X 7 X C1083 X AS27133,0.0
2019 X 8 X C1093 X AS46000,0.0
2019 X 8 X C1093 X AS27000,0.0
2019 X 8 X C1093 X AS27139,0.0
2019 X 8 X C1093 X AS27133,0.0
2019 X 8 X C1083 X AS46000,0.0
2019 X 8 X C1083 X AS27000,0.0
2019 X 8 X C1083 X AS27138,0.0
2019 X 8 X C1083 X AS27133,0.0
2019 X 9 X C1083 X AS46000,0.0
2019 X 9 X C1083 X AS27000,0.0
2019 X 9 X C1083 X AS27138,0.0
2019 X 9 X C1083 X AS27133,0.0
2019 X 9 X C1093 X AS46000,0.0
2019 X 9 X C1093 X AS27000,0.0
2019 X 9 X C1093 X AS27139,0.0
2019 X 9 X C1093 X AS27133,0.0
2019 X 7 X C1084 X AS21126,0.0
2019 X 7 X C1084 X AS17005,0.0
2019 X 7 X C1084 X AS27134,0.0
2019 X 7 X C1084 X AS27132,0.0
2019 X 7 X C1084 X AS27000,0.0
2019 X 7 X C1084 X AS27137,0.0
2019 X 7 X C1084 X AS27138,0.0
2019 X 7 X C1084 X AS27133,0.0
2019 X 8 X C1084 X AS21126,0.0
2019 X 8 X C1084 X AS17005,0.0
2019 X 8 X C1084 X AS27134,0.0
2019 X 8 X C1084 X AS27132,0.0
2019 X 8 X C1084 X AS27000,0.0
2019 X 8 X C1084 X AS27137,0.0
2019 X 8 X C1084 X AS27138,0.0
2019 X 8 X C1084 X AS27133,0.0
2019 X 9 X C1084 X AS21126,0.0
2019 X 9 X C1084 X AS17005,0.0
2019 X 9 X C1084 X AS27134,0.0
2019 X 9 X C1084 X AS27132,0.0
2019 X 9 X C1084 X AS27000,0.0
2019 X 9 X C1084 X AS27137,0.0
2019 X 9 X C1084 X AS27138,0.0
2019 X 9 X C1084 X AS27133,0.0
2019 X 7 X C5015 X AS21126,0.0
2019 X 7 X C5015 X AS46000,0.0
2019 X 7 X C5015 X AS27000,0.0
2019 X 7 X C5015 X AS27137,0.0
2019 X 7 X C5015 X AS27133,0.0
2019 X 8 X C5015 X AS21126,0.0
2019 X 8 X C5015 X AS46000,0.0
2019 X 8 X C5015 X AS27000,0.0
2019 X 8 X C5015 X AS27137,0.0
2019 X 8 X C5015 X AS27138,0.0
2019 X 8 X C5015 X AS27133,0.0
2019 X 9 X C5015 X AS21126,0.0
2019 X 9 X C5015 X AS46000,0.0
2019 X 9 X C5015 X AS27000,0.0
2019 X 9 X C5015 X AS27137,0.0
2019 X 9 X C5015 X AS27138,0.0
2019 X 9 X C5015 X AS27133,0.0
2019 X 7 X C2047 X AS27000,0.0
2019 X 7 X C2047 X AS27139,0.0
2019 X 7 X C2047 X AS27137,0.0
2019 X 7 X C2047 X AS27138,0.0
2019 X 7 X C2047 X AS27133,0.0
2019 X 8 X C2047 X AS27000,0.0
2019 X 8 X C2047 X AS27139,0.0
2019 X 8 X C2047 X AS27137,0.0
2019 X 8 X C2047 X AS27138,0.0
2019 X 8 X C2047 X AS27133,0.0
2019 X 9 X C2047 X AS27000,0.0
2019 X 9 X C2047 X AS27139,0.0
2019 X 9 X C2047 X AS27137,0.0
2019 X 9 X C2047 X AS27138,0.0
2019 X 9 X C2047 X AS27133,0.0
2019 X 7 X C4056 X AS21126,0.0
2019 X 7 X C4056 X AS27134,0.0
2019 X 7 X C4056 X AS27132,0.0
2019 X 7 X C4056 X AS27000,0.0
2019 X 7 X C4056 X AS27137,0.0
2019 X 7 X C4056 X AS27138,0.0
2019 X 7 X C4056 X AS27133,0.0
2019 X 8 X C4056 X AS21126,0.0
2019 X 8 X C4056 X AS27134,0.0
2019 X 8 X C4056 X AS27132,0.0
2019 X 8 X C4056 X AS27000,0.0
2019 X 8 X C4056 X AS27139,0.0
2019 X 8 X C4056 X AS27137,0.0
2019 X 8 X C4056 X AS27138,0.0
2019 X 8 X C4056 X AS27133,0.0
2019 X 9 X C4056 X AS21126,0.0
2019 X 9 X C4056 X AS27134,0.0
2019 X 9 X C4056 X AS27132,0.0
2019 X 9 X C4056 X AS27000,0.0
2019 X 9 X C4056 X AS27139,0.0
2019 X 9 X C4056 X AS27137,0.0
2019 X 9 X C4056 X AS27138,0.0
2019 X 9 X C4056 X AS27133,0.0
2019 X 7 X C5016 X AS27134,0.0
2019 X 7 X C5016 X AS27000,0.0
2019 X 7 X C5016 X AS27137,0.0
2019 X 7 X C5016 X AS27133,0.0
2019 X 8 X C5016 X AS27134,0.0
2019 X 8 X C5016 X AS27000,0.0
2019 X 8 X C5016 X AS27137,0.0
2019 X 8 X C5016 X AS27133,0.0
2019 X 9 X C5016 X AS27134,0.0
2019 X 9 X C5016 X AS27000,0.0
2019 X 9 X C5016 X AS27137,0.0
2019 X 9 X C5016 X AS27133,0.0
2019 X 7 X C5017 X AS21126,0.0
2019 X 7 X C5017 X AS46000,0.0
2019 X 7 X C5017 X AS27132,0.0
2019 X 7 X C5017 X AS27000,0.0
2019 X 7 X C5017 X AS27137,0.0
2019 X 7 X C5017 X AS27138,0.0
2019 X 7 X C5017 X AS27133,0.0
2019 X 8 X C5017 X AS21126,0.0
2019 X 8 X C5017 X AS46000,0.0
2019 X 8 X C5017 X AS27132,0.0
2019 X 8 X C5017 X AS27000,0.0
2019 X 8 X C5017 X AS27137,0.0
2019 X 8 X C5017 X AS27138,0.0
2019 X 8 X C5017 X AS27133,0.0
2019 X 9 X C5017 X AS21126,0.0
2019 X 9 X C5017 X AS46000,0.0
2019 X 9 X C5017 X AS27132,0.0
2019 X 9 X C5017 X AS27000,0.0
2019 X 9 X C5017 X AS27137,0.0
2019 X 9 X C5017 X AS27138,0.0
2019 X 9 X C5017 X AS27133,0.0
2019 X 7 X C2049 X AS21126,0.0
2019 X 7 X C2049 X AS46000,0.0
2019 X 7 X C2049 X AS27134,0.0
2019 X 7 X C2049 X AS27132,0.0
2019 X 7 X C2049 X AS27000,5.0
2019 X 7 X C2049 X AS27139,0.0
2019 X 7 X C2049 X AS27137,0.0
2019 X 7 X C2049 X AS27138,0.0
2019 X 7 X C2049 X AS27133,0.0
2019 X 8 X C2049 X AS21126,0.0
2019 X 8 X C2049 X AS46000,0.0
2019 X 8 X C2049 X AS27134,0.0
2019 X 8 X C2049 X AS27132,0.0
2019 X 8 X C2049 X AS27000,5.0
2019 X 8 X C2049 X AS27139,0.0
2019 X 8 X C2049 X AS27137,0.0
2019 X 8 X C2049 X AS27138,0.0
2019 X 8 X C2049 X AS27133,0.0
2019 X 9 X C2049 X AS21126,0.0
2019 X 9 X C2049 X AS46000,0.0
2019 X 9 X C2049 X AS27134,0.0
2019 X 9 X C2049 X AS27132,0.0
2019 X 9 X C2049 X AS27000,5.0
2019 X 9 X C2049 X AS27139,0.0
2019 X 9 X C2049 X AS27137,0.0
2019 X 9 X C2049 X AS27138,0.0
2019 X 9 X C2049 X AS27133,0.0
2019 X 7 X C4002 X AS42018,0.0
2019 X 7 X C4002 X AS27134,0.0
2019 X 7 X C4002 X AS27132,0.0
2019 X 7 X C4002 X AS27000,2.0
2019 X 7 X C4002 X AS27137,0.0
2019 X 7 X C4002 X AS27138,0.0
2019 X 7 X C4002 X AS27133,1.0
2019 X 8 X C4002 X AS42018,0.0
2019 X 8 X C4002 X AS27134,0.0
2019 X 8 X C4002 X AS27132,0.0
2019 X 8 X C4002 X AS27000,2.0
2019 X 8 X C4002 X AS27137,0.0
2019 X 8 X C4002 X AS27138,0.0
2019 X 8 X C4002 X AS27133,1.0
2019 X 9 X C4002 X AS42018,0.0
2019 X 9 X C4002 X AS27134,0.0
2019 X 9 X C4002 X AS27132,0.0
2019 X 9 X C4002 X AS27000,2.0
2019 X 9 X C4002 X AS27137,0.0
2019 X 9 X C4002 X AS27138,0.0
2019 X 9 X C4002 X AS27133,1.0
2019 X 7 X C4016 X AS27134,0.0
2019 X 7 X C4016 X AS27000,0.0
2019 X 7 X C4016 X AS27138,0.0
2019 X 7 X C4016 X AS27133,0.0
2019 X 7 X C4017 X AS46000,0.0
2019 X 7 X C4017 X AS17005,0.0
2019 X 7 X C4017 X AS27134,0.0
2019 X 7 X C4017 X AS27132,0.0
2019 X 7 X C4017 X AS27000,0.0
2019 X 7 X C4017 X AS27139,0.0
2019 X 7 X C4017 X AS27137,0.0
2019 X 7 X C4017 X AS27138,0.0
2019 X 7 X C4017 X AS27133,0.0
2019 X 7 X C4054 X AS21126,0.0
2019 X 7 X C4054 X AS27133,0.0
2019 X 8 X C4054 X AS21126,0.0
2019 X 8 X C4054 X AS27133,0.0
2019 X 8 X C4016 X AS27134,0.0
2019 X 8 X C4016 X AS27000,0.0
2019 X 8 X C4016 X AS27138,0.0
2019 X 8 X C4016 X AS27133,0.0
2019 X 8 X C4017 X AS46000,0.0
2019 X 8 X C4017 X AS17005,0.0
2019 X 8 X C4017 X AS27134,0.0
2019 X 8 X C4017 X AS27132,0.0
2019 X 8 X C4017 X AS27000,0.0
2019 X 8 X C4017 X AS27139,0.0
2019 X 8 X C4017 X AS27137,0.0
2019 X 8 X C4017 X AS27138,0.0
2019 X 8 X C4017 X AS27133,0.0
2019 X 9 X C4054 X AS21126,0.0
2019 X 9 X C4054 X AS27133,0.0
2019 X 9 X C4017 X AS46000,0.0
2019 X 9 X C4017 X AS17005,0.0
2019 X 9 X C4017 X AS27134,0.0
2019 X 9 X C4017 X AS27132,0.0
2019 X 9 X C4017 X AS27000,0.0
2019 X 9 X C4017 X AS27139,0.0
2019 X 9 X C4017 X AS27137,0.0
2019 X 9 X C4017 X AS27138,0.0
2019 X 9 X C4017 X AS27133,0.0
2019 X 9 X C4016 X AS21126,0.0
2019 X 9 X C4016 X AS27134,0.0
2019 X 9 X C4016 X AS27000,0.0
2019 X 9 X C4016 X AS27138,0.0
2019 X 9 X C4016 X AS27133,0.0
2019 X 7 X C2002 X AS42018,0.0
2019 X 7 X C2002 X AS21126,0.0
2019 X 7 X C2002 X AS27132,0.0
2019 X 7 X C2002 X AS27000,0.0
2019 X 7 X C2002 X AS27137,0.0
2019 X 7 X C2002 X AS27138,0.0
2019 X 7 X C2002 X AS27133,0.0
2019 X 7 X C2011 X AS42018,0.0
2019 X 7 X C2011 X AS46000,0.0
2019 X 7 X C2011 X AS17005,0.0
2019 X 7 X C2011 X AS27134,0.0
2019 X 7 X C2011 X AS27000,0.0
2019 X 7 X C2011 X AS27139,0.0
2019 X 7 X C2011 X AS27137,0.0
2019 X 7 X C2011 X AS27138,0.0
2019 X 7 X C2011 X AS27133,0.0
2019 X 8 X C2002 X AS21126,0.0
2019 X 8 X C2002 X AS42018,0.0
2019 X 8 X C2002 X AS27132,0.0
2019 X 8 X C2002 X AS27000,0.0
2019 X 8 X C2002 X AS27137,0.0
2019 X 8 X C2002 X AS27138,0.0
2019 X 8 X C2002 X AS27133,0.0
2019 X 8 X C2011 X AS42018,0.0
2019 X 8 X C2011 X AS46000,0.0
2019 X 8 X C2011 X AS17005,0.0
2019 X 8 X C2011 X AS27134,0.0
2019 X 8 X C2011 X AS27000,0.0
2019 X 8 X C2011 X AS27139,0.0
2019 X 8 X C2011 X AS27137,0.0
2019 X 8 X C2011 X AS27138,0.0
2019 X 8 X C2011 X AS27133,0.0
2019 X 9 X C2011 X AS42018,0.0
2019 X 9 X C2011 X AS46000,0.0
2019 X 9 X C2011 X AS17005,0.0
2019 X 9 X C2011 X AS27134,0.0
2019 X 9 X C2011 X AS27000,0.0
2019 X 9 X C2011 X AS27139,0.0
2019 X 9 X C2011 X AS27137,0.0
2019 X 9 X C2011 X AS27138,0.0
2019 X 9 X C2011 X AS27133,0.0
2019 X 9 X C2002 X AS21126,0.0
2019 X 9 X C2002 X AS42018,0.0
2019 X 9 X C2002 X AS27132,0.0
2019 X 9 X C2002 X AS27000,0.0
2019 X 9 X C2002 X AS27137,0.0
2019 X 9 X C2002 X AS27138,0.0
2019 X 9 X C2002 X AS27133,0.0
2019 X 7 X C2010 X AS42018,0.0
2019 X 7 X C2010 X AS21126,0.0
2019 X 7 X C2010 X AS46000,0.0
2019 X 7 X C2010 X AS17005,0.0
2019 X 7 X C2010 X AS27134,0.0
2019 X 7 X C2010 X AS27132,0.0
2019 X 7 X C2010 X AS27000,15.0
2019 X 7 X C2010 X AS27139,0.0
2019 X 7 X C2010 X AS27137,11.0
2019 X 7 X C2010 X AS27138,0.0
2019 X 7 X C2010 X AS27133,2.0
2019 X 8 X C2010 X AS21126,0.0
2019 X 8 X C2010 X AS42018,0.0
2019 X 8 X C2010 X AS46000,0.0
2019 X 8 X C2010 X AS17005,0.0
2019 X 8 X C2010 X AS27134,0.0
2019 X 8 X C2010 X AS27132,0.0
2019 X 8 X C2010 X AS27000,15.0
2019 X 8 X C2010 X AS27139,0.0
2019 X 8 X C2010 X AS27137,11.0
2019 X 8 X C2010 X AS27138,0.0
2019 X 8 X C2010 X AS27133,2.0
2019 X 9 X C2010 X AS21126,0.0
2019 X 9 X C2010 X AS42018,0.0
2019 X 9 X C2010 X AS46000,0.0
2019 X 9 X C2010 X AS17005,0.0
2019 X 9 X C2010 X AS27134,0.0
2019 X 9 X C2010 X AS27132,0.0
2019 X 9 X C2010 X AS27000,15.0
2019 X 9 X C2010 X AS27139,0.0
2019 X 9 X C2010 X AS27137,11.0
2019 X 9 X C2010 X AS27138,0.0
2019 X 9 X C2010 X AS27133,2.0
2019 X 7 X C4018 X AS21126,0.0
2019 X 7 X C4018 X AS27134,0.0
2019 X 7 X C4018 X AS27132,0.0
2019 X 7 X C4018 X AS27000,0.0
2019 X 7 X C4018 X AS27139,0.0
2019 X 7 X C4018 X AS27138,0.0
2019 X 7 X C4018 X AS27133,0.0
2019 X 8 X C4018 X AS21126,0.0
2019 X 8 X C4018 X AS27134,0.0
2019 X 8 X C4018 X AS27132,0.0
2019 X 8 X C4018 X AS27000,0.0
2019 X 8 X C4018 X AS27139,0.0
2019 X 8 X C4018 X AS27138,0.0
2019 X 8 X C4018 X AS27133,0.0
2019 X 9 X C4018 X AS21126,0.0
2019 X 9 X C4018 X AS27134,0.0
2019 X 9 X C4018 X AS27132,0.0
2019 X 9 X C4018 X AS27000,0.0
2019 X 9 X C4018 X AS27139,0.0
2019 X 9 X C4018 X AS27138,0.0
2019 X 9 X C4018 X AS27133,0.0
2019 X 7 X C3010 X AS42018,0.0
2019 X 7 X C3010 X AS27134,0.0
2019 X 7 X C3010 X AS27132,0.0
2019 X 7 X C3010 X AS27000,0.0
2019 X 7 X C3010 X AS27137,0.0
2019 X 7 X C3010 X AS27138,0.0
2019 X 7 X C3010 X AS27133,0.0
2019 X 7 X C3014 X AS27134,0.0
2019 X 7 X C3014 X AS27000,0.0
2019 X 7 X C3014 X AS27137,0.0
2019 X 7 X C3014 X AS27138,0.0
2019 X 7 X C3014 X AS27133,0.0
2019 X 7 X C3015 X AS27134,0.0
2019 X 7 X C3015 X AS27132,0.0
2019 X 7 X C3015 X AS27000,0.0
2019 X 7 X C3015 X AS27137,0.0
2019 X 7 X C3015 X AS27138,0.0
2019 X 7 X C3015 X AS27133,0.0
2019 X 8 X C3010 X AS42018,0.0
2019 X 8 X C3010 X AS27134,0.0
2019 X 8 X C3010 X AS27132,0.0
2019 X 8 X C3010 X AS27000,0.0
2019 X 8 X C3010 X AS27137,0.0
2019 X 8 X C3010 X AS27138,0.0
2019 X 8 X C3010 X AS27133,0.0
2019 X 8 X C3014 X AS27134,0.0
2019 X 8 X C3014 X AS27000,0.0
2019 X 8 X C3014 X AS27137,0.0
2019 X 8 X C3014 X AS27138,0.0
2019 X 8 X C3014 X AS27133,0.0
2019 X 8 X C3015 X AS27134,0.0
2019 X 8 X C3015 X AS27132,0.0
2019 X 8 X C3015 X AS27000,0.0
2019 X 8 X C3015 X AS27137,0.0
2019 X 8 X C3015 X AS27138,0.0
2019 X 8 X C3015 X AS27133,0.0
2019 X 9 X C3014 X AS27134,0.0
2019 X 9 X C3014 X AS27000,0.0
2019 X 9 X C3014 X AS27137,0.0
2019 X 9 X C3014 X AS27138,0.0
2019 X 9 X C3014 X AS27133,0.0
2019 X 9 X C3010 X AS42018,0.0
2019 X 9 X C3010 X AS27134,0.0
2019 X 9 X C3010 X AS27132,0.0
2019 X 9 X C3010 X AS27000,0.0
2019 X 9 X C3010 X AS27137,0.0
2019 X 9 X C3010 X AS27138,0.0
2019 X 9 X C3010 X AS27133,0.0
2019 X 9 X C3015 X AS21126,0.0
2019 X 9 X C3015 X AS27134,0.0
2019 X 9 X C3015 X AS27132,0.0
2019 X 9 X C3015 X AS27000,0.0
2019 X 9 X C3015 X AS27137,0.0
2019 X 9 X C3015 X AS27138,0.0
2019 X 9 X C3015 X AS27133,0.0
2019 X 7 X C1399 X AS27134,0.0
2019 X 7 X C1399 X AS27132,0.0
2019 X 7 X C1399 X AS27000,0.0
2019 X 7 X C1399 X AS27137,0.0
2019 X 7 X C1399 X AS27138,0.0
2019 X 7 X C1399 X AS27133,0.0
2019 X 7 X C1745 X AS46000,0.0
2019 X 7 X C1745 X AS27134,0.0
2019 X 7 X C1745 X AS27132,0.0
2019 X 7 X C1745 X AS27000,0.0
2019 X 7 X C1745 X AS27137,0.0
2019 X 7 X C1745 X AS27138,0.0
2019 X 7 X C1745 X AS27133,0.0
2019 X 7 X C1144 X AS46000,0.0
2019 X 7 X C1144 X AS27134,0.0
2019 X 7 X C1144 X AS27132,0.0
2019 X 7 X C1144 X AS27000,0.0
2019 X 7 X C1144 X AS27138,0.0
2019 X 7 X C1144 X AS27133,0.0
2019 X 7 X C1086 X AS27134,0.0
2019 X 7 X C1086 X AS27132,0.0
2019 X 7 X C1086 X AS27000,12.0
2019 X 7 X C1086 X AS27137,0.0
2019 X 7 X C1086 X AS27138,0.0
2019 X 7 X C1086 X AS27133,0.0
2019 X 7 X C1029 X AS46000,0.0
2019 X 7 X C1029 X AS27134,0.0
2019 X 7 X C1029 X AS27132,0.0
2019 X 7 X C1029 X AS27000,0.0
2019 X 7 X C1029 X AS27139,0.0
2019 X 7 X C1029 X AS27137,0.0
2019 X 7 X C1029 X AS27138,0.0
2019 X 7 X C1029 X AS27133,0.0
2019 X 7 X C1018 X AS42018,0.0
2019 X 7 X C1018 X AS21126,0.0
2019 X 7 X C1018 X AS46000,0.0
2019 X 7 X C1018 X AS17005,0.0
2019 X 7 X C1018 X AS27134,0.0
2019 X 7 X C1018 X AS27132,0.0
2019 X 7 X C1018 X AS27000,0.0
2019 X 7 X C1018 X AS27139,0.0
2019 X 7 X C1018 X AS27137,0.0
2019 X 7 X C1018 X AS27138,0.0
2019 X 7 X C1018 X AS27133,0.0
2019 X 7 X C1056 X AS21126,0.0
2019 X 7 X C1056 X AS46000,0.0
2019 X 7 X C1056 X AS27134,0.0
2019 X 7 X C1056 X AS27132,0.0
2019 X 7 X C1056 X AS27000,0.0
2019 X 7 X C1056 X AS27137,0.0
2019 X 7 X C1056 X AS27138,0.0
2019 X 7 X C1056 X AS27133,0.0
2019 X 7 X C1055 X AS21126,0.0
2019 X 7 X C1055 X AS42018,0.0
2019 X 7 X C1055 X AS46000,0.0
2019 X 7 X C1055 X AS17005,0.0
2019 X 7 X C1055 X AS27134,0.0
2019 X 7 X C1055 X AS27132,0.0
2019 X 7 X C1055 X AS27000,0.0
2019 X 7 X C1055 X AS27139,0.0
2019 X 7 X C1055 X AS27137,0.0
2019 X 7 X C1055 X AS27138,0.0
2019 X 7 X C1055 X AS27133,0.0
2019 X 8 X C1144 X AS46000,0.0
2019 X 8 X C1144 X AS27134,0.0
2019 X 8 X C1144 X AS27132,0.0
2019 X 8 X C1144 X AS27000,0.0
2019 X 8 X C1144 X AS27138,0.0
2019 X 8 X C1144 X AS27133,0.0
2019 X 8 X C1086 X AS27134,0.0
2019 X 8 X C1086 X AS27132,0.0
2019 X 8 X C1086 X AS27000,12.0
2019 X 8 X C1086 X AS27137,0.0
2019 X 8 X C1086 X AS27138,0.0
2019 X 8 X C1086 X AS27133,0.0
2019 X 8 X C1029 X AS46000,0.0
2019 X 8 X C1029 X AS27134,0.0
2019 X 8 X C1029 X AS27132,0.0
2019 X 8 X C1029 X AS27000,0.0
2019 X 8 X C1029 X AS27139,0.0
2019 X 8 X C1029 X AS27137,0.0
2019 X 8 X C1029 X AS27138,0.0
2019 X 8 X C1029 X AS27133,0.0
2019 X 8 X C1018 X AS42018,0.0
2019 X 8 X C1018 X AS21126,0.0
2019 X 8 X C1018 X AS46000,0.0
2019 X 8 X C1018 X AS17005,0.0
2019 X 8 X C1018 X AS27134,0.0
2019 X 8 X C1018 X AS27132,0.0
2019 X 8 X C1018 X AS27000,0.0
2019 X 8 X C1018 X AS27139,0.0
2019 X 8 X C1018 X AS27137,0.0
2019 X 8 X C1018 X AS27138,0.0
2019 X 8 X C1018 X AS27133,0.0
2019 X 8 X C1745 X AS46000,0.0
2019 X 8 X C1745 X AS27134,0.0
2019 X 8 X C1745 X AS27132,0.0
2019 X 8 X C1745 X AS27000,0.0
2019 X 8 X C1745 X AS27137,0.0
2019 X 8 X C1745 X AS27138,0.0
2019 X 8 X C1745 X AS27133,0.0
2019 X 8 X C1399 X AS27134,0.0
2019 X 8 X C1399 X AS27132,0.0
2019 X 8 X C1399 X AS27000,0.0
2019 X 8 X C1399 X AS27137,0.0
2019 X 8 X C1399 X AS27138,0.0
2019 X 8 X C1399 X AS27133,0.0
2019 X 8 X C1055 X AS21126,0.0
2019 X 8 X C1055 X AS42018,0.0
2019 X 8 X C1055 X AS46000,0.0
2019 X 8 X C1055 X AS17005,0.0
2019 X 8 X C1055 X AS27134,0.0
2019 X 8 X C1055 X AS27132,0.0
2019 X 8 X C1055 X AS27000,0.0
2019 X 8 X C1055 X AS27139,0.0
2019 X 8 X C1055 X AS27137,0.0
2019 X 8 X C1055 X AS27138,0.0
2019 X 8 X C1055 X AS27133,0.0
2019 X 8 X C1056 X AS21126,0.0
2019 X 8 X C1056 X AS46000,0.0
2019 X 8 X C1056 X AS27134,0.0
2019 X 8 X C1056 X AS27132,0.0
2019 X 8 X C1056 X AS27000,0.0
2019 X 8 X C1056 X AS27137,0.0
2019 X 8 X C1056 X AS27138,0.0
2019 X 8 X C1056 X AS27133,0.0
2019 X 9 X C1399 X AS27134,0.0
2019 X 9 X C1399 X AS27132,0.0
2019 X 9 X C1399 X AS27000,0.0
2019 X 9 X C1399 X AS27137,0.0
2019 X 9 X C1399 X AS27138,0.0
2019 X 9 X C1399 X AS27133,0.0
2019 X 9 X C1086 X AS27134,0.0
2019 X 9 X C1086 X AS27132,0.0
2019 X 9 X C1086 X AS27000,12.0
2019 X 9 X C1086 X AS27137,0.0
2019 X 9 X C1086 X AS27138,0.0
2019 X 9 X C1086 X AS27133,0.0
2019 X 9 X C1018 X AS42018,0.0
2019 X 9 X C1018 X AS21126,0.0
2019 X 9 X C1018 X AS46000,0.0
2019 X 9 X C1018 X AS17005,0.0
2019 X 9 X C1018 X AS27134,0.0
2019 X 9 X C1018 X AS27132,0.0
2019 X 9 X C1018 X AS27000,0.0
2019 X 9 X C1018 X AS27139,0.0
2019 X 9 X C1018 X AS27137,0.0
2019 X 9 X C1018 X AS27138,0.0
2019 X 9 X C1018 X AS27133,0.0
2019 X 9 X C1745 X AS46000,0.0
2019 X 9 X C1745 X AS27134,0.0
2019 X 9 X C1745 X AS27132,0.0
2019 X 9 X C1745 X AS27000,0.0
2019 X 9 X C1745 X AS27137,0.0
2019 X 9 X C1745 X AS27138,0.0
2019 X 9 X C1745 X AS27133,0.0
2019 X 9 X C1029 X AS46000,0.0
2019 X 9 X C1029 X AS27134,0.0
2019 X 9 X C1029 X AS27132,0.0
2019 X 9 X C1029 X AS27000,0.0
2019 X 9 X C1029 X AS27139,0.0
2019 X 9 X C1029 X AS27137,0.0
2019 X 9 X C1029 X AS27138,0.0
2019 X 9 X C1029 X AS27133,0.0
2019 X 9 X C1056 X AS21126,0.0
2019 X 9 X C1056 X AS46000,0.0
2019 X 9 X C1056 X AS27134,0.0
2019 X 9 X C1056 X AS27132,0.0
2019 X 9 X C1056 X AS27000,0.0
2019 X 9 X C1056 X AS27137,0.0
2019 X 9 X C1056 X AS27138,0.0
2019 X 9 X C1056 X AS27133,0.0
2019 X 9 X C1144 X AS46000,0.0
2019 X 9 X C1144 X AS27134,0.0
2019 X 9 X C1144 X AS27132,0.0
2019 X 9 X C1144 X AS27000,0.0
2019 X 9 X C1144 X AS27138,0.0
2019 X 9 X C1144 X AS27133,0.0
2019 X 9 X C1055 X AS42018,0.0
2019 X 9 X C1055 X AS21126,0.0
2019 X 9 X C1055 X AS46000,0.0
2019 X 9 X C1055 X AS17005,0.0
2019 X 9 X C1055 X AS27134,0.0
2019 X 9 X C1055 X AS27132,0.0
2019 X 9 X C1055 X AS27000,0.0
2019 X 9 X C1055 X AS27139,0.0
2019 X 9 X C1055 X AS27137,0.0
2019 X 9 X C1055 X AS27138,0.0
2019 X 9 X C1055 X AS27133,0.0
2019 X 7 X C3011 X AS27000,0.0
2019 X 7 X C3011 X AS27137,0.0
2019 X 7 X C3011 X AS27138,0.0
2019 X 7 X C3011 X AS27133,0.0
2019 X 8 X C3011 X AS27000,0.0
2019 X 8 X C3011 X AS27137,0.0
2019 X 8 X C3011 X AS27138,0.0
2019 X 8 X C3011 X AS27133,0.0
2019 X 9 X C3011 X AS27000,0.0
2019 X 9 X C3011 X AS27137,0.0
2019 X 9 X C3011 X AS27138,0.0
2019 X 9 X C3011 X AS27133,0.0
2019 X 7 X C1088 X AS21126,0.0
2019 X 7 X C1088 X AS46000,0.0
2019 X 7 X C1088 X AS27134,0.0
2019 X 7 X C1088 X AS27132,0.0
2019 X 7 X C1088 X AS27000,0.0
2019 X 7 X C1088 X AS27137,0.0
2019 X 7 X C1088 X AS27138,0.0
2019 X 7 X C1088 X AS27133,0.0
2019 X 8 X C1088 X AS21126,0.0
2019 X 8 X C1088 X AS27134,0.0
2019 X 8 X C1088 X AS27132,0.0
2019 X 8 X C1088 X AS27000,0.0
2019 X 8 X C1088 X AS27137,0.0
2019 X 8 X C1088 X AS27138,0.0
2019 X 8 X C1088 X AS27133,0.0
2019 X 9 X C1088 X AS21126,0.0
2019 X 9 X C1088 X AS27134,0.0
2019 X 9 X C1088 X AS27132,0.0
2019 X 9 X C1088 X AS27000,0.0
2019 X 9 X C1088 X AS27137,0.0
2019 X 9 X C1088 X AS27138,0.0
2019 X 9 X C1088 X AS27133,0.0
2019 X 7 X C2003 X AS42018,0.0
2019 X 7 X C2003 X AS27132,0.0
2019 X 7 X C2003 X AS27000,0.0
2019 X 7 X C2003 X AS27137,0.0
2019 X 7 X C2003 X AS27138,0.0
2019 X 7 X C2003 X AS27133,0.0
2019 X 7 X C5060 X AS21126,0.0
2019 X 7 X C5060 X AS27000,0.0
2019 X 7 X C5060 X AS27137,0.0
2019 X 7 X C5060 X AS27138,0.0
2019 X 7 X C5060 X AS27133,0.0
2019 X 8 X C2003 X AS42018,0.0
2019 X 8 X C2003 X AS27132,0.0
2019 X 8 X C2003 X AS27000,0.0
2019 X 8 X C2003 X AS27137,0.0
2019 X 8 X C2003 X AS27138,0.0
2019 X 8 X C2003 X AS27133,0.0
2019 X 8 X C5060 X AS21126,0.0
2019 X 8 X C5060 X AS27000,0.0
2019 X 8 X C5060 X AS27137,0.0
2019 X 8 X C5060 X AS27138,0.0
2019 X 8 X C5060 X AS27133,0.0
2019 X 9 X C2003 X AS27132,0.0
2019 X 9 X C2003 X AS27000,0.0
2019 X 9 X C2003 X AS27137,0.0
2019 X 9 X C2003 X AS27138,0.0
2019 X 9 X C2003 X AS27133,0.0
2019 X 9 X C5060 X AS21126,0.0
2019 X 9 X C5060 X AS27000,0.0
2019 X 9 X C5060 X AS27137,0.0
2019 X 9 X C5060 X AS27138,0.0
2019 X 9 X C5060 X AS27133,0.0
2019 X 7 X C5018 X AS27132,0.0
2019 X 7 X C5018 X AS27000,0.0
2019 X 7 X C5018 X AS27137,0.0
2019 X 7 X C5018 X AS27138,0.0
2019 X 7 X C5018 X AS27133,0.0
2019 X 8 X C5018 X AS46000,0.0
2019 X 8 X C5018 X AS27132,0.0
2019 X 8 X C5018 X AS27000,0.0
2019 X 8 X C5018 X AS27137,0.0
2019 X 8 X C5018 X AS27138,0.0
2019 X 8 X C5018 X AS27133,0.0
2019 X 9 X C5018 X AS46000,0.0
2019 X 9 X C5018 X AS27132,0.0
2019 X 9 X C5018 X AS27000,0.0
2019 X 9 X C5018 X AS27137,0.0
2019 X 9 X C5018 X AS27138,0.0
2019 X 9 X C5018 X AS27133,0.0
2019 X 7 X C4024 X AS21126,0.0
2019 X 7 X C4024 X AS27132,0.0
2019 X 7 X C4024 X AS27000,0.0
2019 X 7 X C4024 X AS27137,0.0
2019 X 7 X C4024 X AS27133,0.0
2019 X 7 X C4019 X AS27134,0.0
2019 X 7 X C4019 X AS27132,0.0
2019 X 7 X C4019 X AS27000,0.0
2019 X 7 X C4019 X AS27137,0.0
2019 X 7 X C4019 X AS27138,0.0
2019 X 7 X C4019 X AS27133,0.0
2019 X 8 X C4019 X AS27134,0.0
2019 X 8 X C4019 X AS27132,0.0
2019 X 8 X C4019 X AS27000,0.0
2019 X 8 X C4019 X AS27137,0.0
2019 X 8 X C4019 X AS27138,0.0
2019 X 8 X C4019 X AS27133,0.0
2019 X 8 X C4024 X AS21126,0.0
2019 X 8 X C4024 X AS27132,0.0
2019 X 8 X C4024 X AS27000,0.0
2019 X 8 X C4024 X AS27137,0.0
2019 X 8 X C4024 X AS27138,0.0
2019 X 8 X C4024 X AS27133,0.0
2019 X 9 X C4019 X AS27134,0.0
2019 X 9 X C4019 X AS27132,0.0
2019 X 9 X C4019 X AS27000,0.0
2019 X 9 X C4019 X AS27137,0.0
2019 X 9 X C4019 X AS27138,0.0
2019 X 9 X C4019 X AS27133,0.0
2019 X 9 X C4024 X AS21126,0.0
2019 X 9 X C4024 X AS27132,0.0
2019 X 9 X C4024 X AS27000,0.0
2019 X 9 X C4024 X AS27137,0.0
2019 X 9 X C4024 X AS27138,0.0
2019 X 9 X C4024 X AS27133,0.0
2019 X 7 X C2051 X AS21126,0.0
2019 X 7 X C2051 X AS46000,0.0
2019 X 7 X C2051 X AS17005,0.0
2019 X 7 X C2051 X AS27134,0.0
2019 X 7 X C2051 X AS27132,0.0
2019 X 7 X C2051 X AS27000,0.0
2019 X 7 X C2051 X AS27139,0.0
2019 X 7 X C2051 X AS27137,0.0
2019 X 7 X C2051 X AS27138,0.0
2019 X 7 X C2051 X AS27133,0.0
2019 X 8 X C2051 X AS21126,0.0
2019 X 8 X C2051 X AS46000,0.0
2019 X 8 X C2051 X AS17005,0.0
2019 X 8 X C2051 X AS27134,0.0
2019 X 8 X C2051 X AS27132,0.0
2019 X 8 X C2051 X AS27000,0.0
2019 X 8 X C2051 X AS27139,0.0
2019 X 8 X C2051 X AS27137,0.0
2019 X 8 X C2051 X AS27138,0.0
2019 X 8 X C2051 X AS27133,0.0
2019 X 9 X C2051 X AS21126,0.0
2019 X 9 X C2051 X AS46000,0.0
2019 X 9 X C2051 X AS17005,0.0
2019 X 9 X C2051 X AS27134,0.0
2019 X 9 X C2051 X AS27132,0.0
2019 X 9 X C2051 X AS27000,0.0
2019 X 9 X C2051 X AS27139,0.0
2019 X 9 X C2051 X AS27137,0.0
2019 X 9 X C2051 X AS27138,0.0
2019 X 9 X C2051 X AS27133,0.0
2019 X 7 X C2004 X AS27134,0.0
2019 X 7 X C2004 X AS27132,0.0
2019 X 7 X C2004 X AS27000,0.0
2019 X 7 X C2004 X AS27137,0.0
2019 X 7 X C2004 X AS27138,0.0
2019 X 7 X C2004 X AS27133,0.0
2019 X 8 X C2004 X AS27134,0.0
2019 X 8 X C2004 X AS27132,0.0
2019 X 8 X C2004 X AS27000,0.0
2019 X 8 X C2004 X AS27139,0.0
2019 X 8 X C2004 X AS27137,0.0
2019 X 8 X C2004 X AS27138,0.0
2019 X 8 X C2004 X AS27133,0.0
2019 X 9 X C2004 X AS27134,0.0
2019 X 9 X C2004 X AS27132,0.0
2019 X 9 X C2004 X AS27000,0.0
2019 X 9 X C2004 X AS27139,0.0
2019 X 9 X C2004 X AS27137,0.0
2019 X 9 X C2004 X AS27138,0.0
2019 X 9 X C2004 X AS27133,0.0
2019 X 7 X C2005 X AS27134,0.0
2019 X 7 X C2005 X AS27000,0.0
2019 X 7 X C2005 X AS27137,0.0
2019 X 7 X C2005 X AS27133,0.0
2019 X 7 X C2016 X AS27134,0.0
2019 X 7 X C2016 X AS27000,0.0
2019 X 7 X C2016 X AS27133,0.0
2019 X 8 X C2005 X AS27134,0.0
2019 X 8 X C2005 X AS27000,0.0
2019 X 8 X C2005 X AS27137,0.0
2019 X 8 X C2005 X AS27133,0.0
2019 X 8 X C2016 X AS27134,0.0
2019 X 8 X C2016 X AS27000,0.0
2019 X 8 X C2016 X AS27133,0.0
2019 X 9 X C2005 X AS27134,0.0
2019 X 9 X C2005 X AS27000,0.0
2019 X 9 X C2005 X AS27137,0.0
2019 X 9 X C2005 X AS27133,0.0
2019 X 9 X C2016 X AS27134,0.0
2019 X 9 X C2016 X AS27000,0.0
2019 X 9 X C2016 X AS27133,0.0
2019 X 7 X C5019 X AS27132,0.0
2019 X 7 X C5019 X AS27000,10.999999999999998
2019 X 7 X C5019 X AS27137,0.0
2019 X 7 X C5019 X AS27138,0.0
2019 X 7 X C5019 X AS27133,0.0
2019 X 8 X C5019 X AS27132,0.0
2019 X 8 X C5019 X AS27000,10.999999999999998
2019 X 8 X C5019 X AS27137,0.0
2019 X 8 X C5019 X AS27138,0.0
2019 X 8 X C5019 X AS27133,0.0
2019 X 9 X C5019 X AS27132,0.0
2019 X 9 X C5019 X AS27000,10.999999999999998
2019 X 9 X C5019 X AS27137,0.0
2019 X 9 X C5019 X AS27138,0.0
2019 X 9 X C5019 X AS27133,0.0
2019 X 7 X C3012 X AS21126,0.0
2019 X 7 X C3012 X AS27134,0.0
2019 X 7 X C3012 X AS27132,0.0
2019 X 7 X C3012 X AS27000,2.0
2019 X 7 X C3012 X AS27139,0.0
2019 X 7 X C3012 X AS27137,0.0
2019 X 7 X C3012 X AS27138,0.0
2019 X 7 X C3012 X AS27133,0.0
2019 X 8 X C3012 X AS21126,0.0
2019 X 8 X C3012 X AS27134,0.0
2019 X 8 X C3012 X AS27132,0.0
2019 X 8 X C3012 X AS27000,2.0
2019 X 8 X C3012 X AS27139,0.0
2019 X 8 X C3012 X AS27137,0.0
2019 X 8 X C3012 X AS27138,0.0
2019 X 8 X C3012 X AS27133,0.0
2019 X 9 X C3012 X AS21126,0.0
2019 X 9 X C3012 X AS27134,0.0
2019 X 9 X C3012 X AS27132,0.0
2019 X 9 X C3012 X AS27000,2.0
2019 X 9 X C3012 X AS27139,0.0
2019 X 9 X C3012 X AS27137,0.0
2019 X 9 X C3012 X AS27138,0.0
2019 X 9 X C3012 X AS27133,0.0
2019 X 7 X C1089 X AS27134,0.0
2019 X 7 X C1089 X AS27132,0.0
2019 X 7 X C1089 X AS27000,0.0
2019 X 7 X C1089 X AS27139,0.0
2019 X 7 X C1089 X AS27138,0.0
2019 X 7 X C1089 X AS27133,0.0
2019 X 8 X C1089 X AS27134,0.0
2019 X 8 X C1089 X AS27132,0.0
2019 X 8 X C1089 X AS27000,0.0
2019 X 8 X C1089 X AS27139,0.0
2019 X 8 X C1089 X AS27138,0.0
2019 X 8 X C1089 X AS27133,0.0
2019 X 9 X C1089 X AS27134,0.0
2019 X 9 X C1089 X AS27132,0.0
2019 X 9 X C1089 X AS27000,0.0
2019 X 9 X C1089 X AS27139,0.0
2019 X 9 X C1089 X AS27138,0.0
2019 X 9 X C1089 X AS27133,0.0
2019 X 7 X C2053 X AS27134,0.0
2019 X 7 X C2053 X AS27132,0.0
2019 X 7 X C2053 X AS27000,0.0
2019 X 7 X C2053 X AS27139,0.0
2019 X 7 X C2053 X AS27137,0.0
2019 X 7 X C2053 X AS27138,0.0
2019 X 7 X C2053 X AS27133,0.0
2019 X 7 X C2017 X AS21126,0.0
2019 X 7 X C2017 X AS46000,0.0
2019 X 7 X C2017 X AS17005,0.0
2019 X 7 X C2017 X AS27132,0.0
2019 X 7 X C2017 X AS27000,0.0
2019 X 7 X C2017 X AS27137,0.0
2019 X 7 X C2017 X AS27138,0.0
2019 X 7 X C2017 X AS27133,0.0
2019 X 7 X C2194 X AS27132,0.0
2019 X 7 X C2194 X AS27000,1.0
2019 X 7 X C2194 X AS27137,3.0
2019 X 7 X C2194 X AS27138,0.0
2019 X 7 X C2194 X AS27133,2.9999999999999996
2019 X 7 X C2006 X AS21126,0.0
2019 X 7 X C2006 X AS46000,0.0
2019 X 7 X C2006 X AS27134,0.0
2019 X 7 X C2006 X AS27132,0.0
2019 X 7 X C2006 X AS27000,50.0
2019 X 7 X C2006 X AS27139,0.0
2019 X 7 X C2006 X AS27137,0.0
2019 X 7 X C2006 X AS27138,0.0
2019 X 7 X C2006 X AS27133,0.0
2019 X 8 X C2006 X AS21126,0.0
2019 X 8 X C2006 X AS46000,0.0
2019 X 8 X C2006 X AS27134,0.0
2019 X 8 X C2006 X AS27132,0.0
2019 X 8 X C2006 X AS27000,50.0
2019 X 8 X C2006 X AS27139,0.0
2019 X 8 X C2006 X AS27137,0.0
2019 X 8 X C2006 X AS27138,0.0
2019 X 8 X C2006 X AS27133,0.0
2019 X 8 X C2053 X AS27134,0.0
2019 X 8 X C2053 X AS27132,0.0
2019 X 8 X C2053 X AS27000,0.0
2019 X 8 X C2053 X AS27137,0.0
2019 X 8 X C2053 X AS27138,0.0
2019 X 8 X C2053 X AS27133,0.0
2019 X 8 X C2194 X AS27132,0.0
2019 X 8 X C2194 X AS27000,1.0
2019 X 8 X C2194 X AS27137,3.0
2019 X 8 X C2194 X AS27138,0.0
2019 X 8 X C2194 X AS27133,2.9999999999999996
2019 X 8 X C2017 X AS21126,0.0
2019 X 8 X C2017 X AS46000,0.0
2019 X 8 X C2017 X AS17005,0.0
2019 X 8 X C2017 X AS27132,0.0
2019 X 8 X C2017 X AS27000,0.0
2019 X 8 X C2017 X AS27137,0.0
2019 X 8 X C2017 X AS27138,0.0
2019 X 8 X C2017 X AS27133,0.0
2019 X 9 X C2053 X AS27134,0.0
2019 X 9 X C2053 X AS27132,0.0
2019 X 9 X C2053 X AS27000,0.0
2019 X 9 X C2053 X AS27137,0.0
2019 X 9 X C2053 X AS27138,0.0
2019 X 9 X C2053 X AS27133,0.0
2019 X 9 X C2006 X AS21126,0.0
2019 X 9 X C2006 X AS46000,0.0
2019 X 9 X C2006 X AS27134,0.0
2019 X 9 X C2006 X AS27132,0.0
2019 X 9 X C2006 X AS27000,50.0
2019 X 9 X C2006 X AS27139,0.0
2019 X 9 X C2006 X AS27137,0.0
2019 X 9 X C2006 X AS27138,0.0
2019 X 9 X C2006 X AS27133,0.0
2019 X 9 X C2017 X AS21126,0.0
2019 X 9 X C2017 X AS46000,0.0
2019 X 9 X C2017 X AS17005,0.0
2019 X 9 X C2017 X AS27132,0.0
2019 X 9 X C2017 X AS27000,0.0
2019 X 9 X C2017 X AS27137,0.0
2019 X 9 X C2017 X AS27138,0.0
2019 X 9 X C2017 X AS27133,0.0
2019 X 9 X C2194 X AS27132,0.0
2019 X 9 X C2194 X AS27000,1.0
2019 X 9 X C2194 X AS27137,3.0
2019 X 9 X C2194 X AS27138,0.0
2019 X 9 X C2194 X AS27133,2.9999999999999996
2019 X 7 X C1087 X AS42018,0.0
2019 X 7 X C1087 X AS21126,0.0
2019 X 7 X C1087 X AS46000,0.0
2019 X 7 X C1087 X AS17005,0.0
2019 X 7 X C1087 X AS27134,0.0
2019 X 7 X C1087 X AS27132,0.0
2019 X 7 X C1087 X AS27000,10.0
2019 X 7 X C1087 X AS27139,0.0
2019 X 7 X C1087 X AS27137,0.0
2019 X 7 X C1087 X AS27138,0.0
2019 X 7 X C1087 X AS27133,0.0
2019 X 7 X C1090 X AS21126,60.0
2019 X 7 X C1090 X AS46000,0.0
2019 X 7 X C1090 X AS27134,0.0
2019 X 7 X C1090 X AS27132,0.0
2019 X 7 X C1090 X AS27000,0.0
2019 X 7 X C1090 X AS27139,0.0
2019 X 7 X C1090 X AS27137,0.0
2019 X 7 X C1090 X AS27138,0.0
2019 X 7 X C1090 X AS27133,0.0
2019 X 8 X C1090 X AS21126,60.0
2019 X 8 X C1090 X AS46000,0.0
2019 X 8 X C1090 X AS27134,0.0
2019 X 8 X C1090 X AS27132,0.0
2019 X 8 X C1090 X AS27000,0.0
2019 X 8 X C1090 X AS27139,0.0
2019 X 8 X C1090 X AS27137,0.0
2019 X 8 X C1090 X AS27138,0.0
2019 X 8 X C1090 X AS27133,0.0
2019 X 8 X C1087 X AS42018,0.0
2019 X 8 X C1087 X AS21126,0.0
2019 X 8 X C1087 X AS46000,0.0
2019 X 8 X C1087 X AS17005,0.0
2019 X 8 X C1087 X AS27134,0.0
2019 X 8 X C1087 X AS27132,0.0
2019 X 8 X C1087 X AS27000,10.0
2019 X 8 X C1087 X AS27139,0.0
2019 X 8 X C1087 X AS27137,0.0
2019 X 8 X C1087 X AS27138,0.0
2019 X 8 X C1087 X AS27133,0.0
2019 X 9 X C1090 X AS21126,60.0
2019 X 9 X C1090 X AS46000,0.0
2019 X 9 X C1090 X AS27134,0.0
2019 X 9 X C1090 X AS27132,0.0
2019 X 9 X C1090 X AS27000,0.0
2019 X 9 X C1090 X AS27139,0.0
2019 X 9 X C1090 X AS27137,0.0
2019 X 9 X C1090 X AS27138,0.0
2019 X 9 X C1090 X AS27133,0.0
2019 X 9 X C1087 X AS21126,0.0
2019 X 9 X C1087 X AS42018,0.0
2019 X 9 X C1087 X AS46000,0.0
2019 X 9 X C1087 X AS17005,0.0
2019 X 9 X C1087 X AS27134,0.0
2019 X 9 X C1087 X AS27132,0.0
2019 X 9 X C1087 X AS27000,10.0
2019 X 9 X C1087 X AS27139,0.0
2019 X 9 X C1087 X AS27137,0.0
2019 X 9 X C1087 X AS27138,0.0
2019 X 9 X C1087 X AS27133,0.0
2019 X 7 X C1091 X AS21126,0.0
2019 X 7 X C1091 X AS27132,0.0
2019 X 7 X C1091 X AS27000,0.0
2019 X 7 X C1091 X AS27137,0.0
2019 X 7 X C1091 X AS27138,0.0
2019 X 7 X C1091 X AS27133,0.0
2019 X 8 X C1091 X AS21126,0.0
2019 X 8 X C1091 X AS27132,0.0
2019 X 8 X C1091 X AS27000,0.0
2019 X 8 X C1091 X AS27137,0.0
2019 X 8 X C1091 X AS27138,0.0
2019 X 8 X C1091 X AS27133,0.0
2019 X 9 X C1091 X AS21126,0.0
2019 X 9 X C1091 X AS27000,0.0
2019 X 9 X C1091 X AS27137,0.0
2019 X 9 X C1091 X AS27138,0.0
2019 X 9 X C1091 X AS27133,0.0
2019 X 7 X C2131 X AS27000,0.0
2019 X 7 X C2131 X AS27139,0.0
2019 X 7 X C2131 X AS27137,0.0
2019 X 7 X C2131 X AS27138,0.0
2019 X 7 X C2131 X AS27133,0.0
2019 X 8 X C2131 X AS27000,0.0
2019 X 8 X C2131 X AS27139,0.0
2019 X 8 X C2131 X AS27137,0.0
2019 X 8 X C2131 X AS27138,0.0
2019 X 8 X C2131 X AS27133,0.0
2019 X 9 X C2131 X AS27000,0.0
2019 X 9 X C2131 X AS27139,0.0
2019 X 9 X C2131 X AS27137,0.0
2019 X 9 X C2131 X AS27138,0.0
2019 X 9 X C2131 X AS27133,0.0
2019 X 7 X C5002 X AS46000,0.0
2019 X 7 X C5002 X AS27132,0.0
2019 X 7 X C5002 X AS27000,0.0
2019 X 7 X C5002 X AS27137,0.0
2019 X 7 X C5002 X AS27138,0.0
2019 X 7 X C5002 X AS27133,0.0
2019 X 8 X C5002 X AS46000,0.0
2019 X 8 X C5002 X AS27132,0.0
2019 X 8 X C5002 X AS27000,0.0
2019 X 8 X C5002 X AS27137,0.0
2019 X 8 X C5002 X AS27138,0.0
2019 X 8 X C5002 X AS27133,0.0
2019 X 9 X C5002 X AS46000,0.0
2019 X 9 X C5002 X AS27132,0.0
2019 X 9 X C5002 X AS27000,0.0
2019 X 9 X C5002 X AS27137,0.0
2019 X 9 X C5002 X AS27138,0.0
2019 X 9 X C5002 X AS27133,0.0
2019 X 7 X C2061 X AS27132,0.0
2019 X 7 X C2061 X AS27000,0.0
2019 X 7 X C2061 X AS27138,0.0
2019 X 7 X C2061 X AS27133,0.0
2019 X 7 X C2056 X AS46000,0.0
2019 X 7 X C2056 X AS17005,0.0
2019 X 7 X C2056 X AS27134,0.0
2019 X 7 X C2056 X AS27132,0.0
2019 X 7 X C2056 X AS27000,0.0
2019 X 7 X C2056 X AS27137,0.0
2019 X 7 X C2056 X AS27138,0.0
2019 X 7 X C2056 X AS27133,0.0
2019 X 8 X C2061 X AS27132,0.0
2019 X 8 X C2061 X AS27000,0.0
2019 X 8 X C2061 X AS27138,0.0
2019 X 8 X C2061 X AS27133,0.0
2019 X 8 X C2056 X AS46000,0.0
2019 X 8 X C2056 X AS17005,0.0
2019 X 8 X C2056 X AS27134,0.0
2019 X 8 X C2056 X AS27132,0.0
2019 X 8 X C2056 X AS27000,0.0
2019 X 8 X C2056 X AS27137,0.0
2019 X 8 X C2056 X AS27138,0.0
2019 X 8 X C2056 X AS27133,0.0
2019 X 9 X C2061 X AS27132,0.0
2019 X 9 X C2061 X AS27000,0.0
2019 X 9 X C2061 X AS27138,0.0
2019 X 9 X C2061 X AS27133,0.0
2019 X 9 X C2056 X AS46000,0.0
2019 X 9 X C2056 X AS17005,0.0
2019 X 9 X C2056 X AS27134,0.0
2019 X 9 X C2056 X AS27132,0.0
2019 X 9 X C2056 X AS27000,0.0
2019 X 9 X C2056 X AS27137,0.0
2019 X 9 X C2056 X AS27138,0.0
2019 X 9 X C2056 X AS27133,0.0
2019 X 7 X C1092 X AS21126,0.0
2019 X 7 X C1092 X AS46000,0.0
2019 X 7 X C1092 X AS27134,0.0
2019 X 7 X C1092 X AS27132,0.0
2019 X 7 X C1092 X AS27000,0.0
2019 X 7 X C1092 X AS27139,0.0
2019 X 7 X C1092 X AS27137,0.0
2019 X 7 X C1092 X AS27133,0.0
2019 X 8 X C1092 X AS21126,0.0
2019 X 8 X C1092 X AS46000,0.0
2019 X 8 X C1092 X AS27134,0.0
2019 X 8 X C1092 X AS27132,0.0
2019 X 8 X C1092 X AS27000,0.0
2019 X 8 X C1092 X AS27139,0.0
2019 X 8 X C1092 X AS27137,0.0
2019 X 8 X C1092 X AS27133,0.0
2019 X 9 X C1092 X AS21126,0.0
2019 X 9 X C1092 X AS46000,0.0
2019 X 9 X C1092 X AS27134,0.0
2019 X 9 X C1092 X AS27132,0.0
2019 X 9 X C1092 X AS27000,0.0
2019 X 9 X C1092 X AS27139,0.0
2019 X 9 X C1092 X AS27137,0.0
2019 X 9 X C1092 X AS27133,0.0
2019 X 7 X C3013 X AS21126,0.0
2019 X 7 X C3013 X AS46000,0.0
2019 X 7 X C3013 X AS27134,0.0
2019 X 7 X C3013 X AS27132,0.0
2019 X 7 X C3013 X AS27000,0.0
2019 X 7 X C3013 X AS27137,0.0
2019 X 7 X C3013 X AS27138,0.0
2019 X 7 X C3013 X AS27133,0.0
2019 X 8 X C3013 X AS21126,0.0
2019 X 8 X C3013 X AS46000,0.0
2019 X 8 X C3013 X AS27134,0.0
2019 X 8 X C3013 X AS27132,0.0
2019 X 8 X C3013 X AS27000,0.0
2019 X 8 X C3013 X AS27137,0.0
2019 X 8 X C3013 X AS27138,0.0
2019 X 8 X C3013 X AS27133,0.0
2019 X 9 X C3013 X AS21126,0.0
2019 X 9 X C3013 X AS46000,0.0
2019 X 9 X C3013 X AS27134,0.0
2019 X 9 X C3013 X AS27132,0.0
2019 X 9 X C3013 X AS27000,0.0
2019 X 9 X C3013 X AS27137,0.0
2019 X 9 X C3013 X AS27138,0.0
2019 X 9 X C3013 X AS27133,0.0
2019 X 7 X C3021 X AS27133,0.0
2019 X 7 X C3016 X AS27134,0.0
2019 X 7 X C3016 X AS27132,0.0
2019 X 7 X C3016 X AS27000,0.0
2019 X 7 X C3016 X AS27137,0.0
2019 X 7 X C3016 X AS27133,0.0
2019 X 7 X C3018 X AS27134,0.0
2019 X 7 X C3018 X AS27132,0.0
2019 X 7 X C3018 X AS27000,0.0
2019 X 7 X C3018 X AS27137,0.0
2019 X 7 X C3018 X AS27133,0.0
2019 X 7 X C3043 X AS27134,0.0
2019 X 7 X C3043 X AS27137,0.0
2019 X 7 X C3043 X AS27138,0.0
2019 X 7 X C3043 X AS27133,0.0
2019 X 7 X C2127 X AS42018,0.0
2019 X 7 X C2127 X AS27134,0.0
2019 X 7 X C2127 X AS27132,0.0
2019 X 7 X C2127 X AS27000,0.0
2019 X 7 X C2127 X AS27139,0.0
2019 X 7 X C2127 X AS27137,0.0
2019 X 7 X C2127 X AS27138,0.0
2019 X 7 X C2127 X AS27133,0.0
2019 X 8 X C3021 X AS27133,0.0
2019 X 8 X C3043 X AS27134,0.0
2019 X 8 X C3043 X AS27137,0.0
2019 X 8 X C3043 X AS27138,0.0
2019 X 8 X C3043 X AS27133,0.0
2019 X 8 X C3018 X AS27134,0.0
2019 X 8 X C3018 X AS27132,0.0
2019 X 8 X C3018 X AS27000,0.0
2019 X 8 X C3018 X AS27137,0.0
2019 X 8 X C3018 X AS27133,0.0
2019 X 8 X C2127 X AS42018,0.0
2019 X 8 X C2127 X AS27134,0.0
2019 X 8 X C2127 X AS27132,0.0
2019 X 8 X C2127 X AS27000,0.0
2019 X 8 X C2127 X AS27139,0.0
2019 X 8 X C2127 X AS27137,0.0
2019 X 8 X C2127 X AS27138,0.0
2019 X 8 X C2127 X AS27133,0.0
2019 X 8 X C3016 X AS27134,0.0
2019 X 8 X C3016 X AS27132,0.0
2019 X 8 X C3016 X AS27000,0.0
2019 X 8 X C3016 X AS27137,0.0
2019 X 8 X C3016 X AS27133,0.0
2019 X 9 X C3016 X AS27134,0.0
2019 X 9 X C3016 X AS27132,0.0
2019 X 9 X C3016 X AS27000,0.0
2019 X 9 X C3016 X AS27137,0.0
2019 X 9 X C3016 X AS27133,0.0
2019 X 9 X C3043 X AS27134,0.0
2019 X 9 X C3043 X AS27137,0.0
2019 X 9 X C3043 X AS27138,0.0
2019 X 9 X C3043 X AS27133,0.0
2019 X 9 X C3018 X AS27134,0.0
2019 X 9 X C3018 X AS27132,0.0
2019 X 9 X C3018 X AS27000,0.0
2019 X 9 X C3018 X AS27137,0.0
2019 X 9 X C3018 X AS27133,0.0
2019 X 9 X C2127 X AS42018,0.0
2019 X 9 X C2127 X AS27134,0.0
2019 X 9 X C2127 X AS27132,0.0
2019 X 9 X C2127 X AS27000,0.0
2019 X 9 X C2127 X AS27139,0.0
2019 X 9 X C2127 X AS27137,0.0
2019 X 9 X C2127 X AS27138,0.0
2019 X 9 X C2127 X AS27133,0.0
2019 X 9 X C3021 X AS27133,0.0
2019 X 7 X C5020 X AS46000,0.0
2019 X 7 X C5020 X AS27134,0.0
2019 X 7 X C5020 X AS27000,0.0
2019 X 7 X C5020 X AS27137,0.0
2019 X 7 X C5020 X AS27138,0.0
2019 X 7 X C5020 X AS27133,0.0
2019 X 8 X C5020 X AS46000,0.0
2019 X 8 X C5020 X AS27134,0.0
2019 X 8 X C5020 X AS27000,0.0
2019 X 8 X C5020 X AS27137,0.0
2019 X 8 X C5020 X AS27138,0.0
2019 X 8 X C5020 X AS27133,0.0
2019 X 9 X C5020 X AS46000,0.0
2019 X 9 X C5020 X AS27134,0.0
2019 X 9 X C5020 X AS27000,0.0
2019 X 9 X C5020 X AS27137,0.0
2019 X 9 X C5020 X AS27138,0.0
2019 X 9 X C5020 X AS27133,0.0
2019 X 7 X C1027 X AS42018,0.0
2019 X 7 X C1027 X AS21126,0.0
2019 X 7 X C1027 X AS46000,0.0
2019 X 7 X C1027 X AS17005,0.0
2019 X 7 X C1027 X AS27134,0.0
2019 X 7 X C1027 X AS27132,0.0
2019 X 7 X C1027 X AS27000,0.0
2019 X 7 X C1027 X AS27137,0.0
2019 X 7 X C1027 X AS27138,0.0
2019 X 7 X C1027 X AS27133,0.0
2019 X 7 X C1015 X AS42018,0.0
2019 X 7 X C1015 X AS21126,0.0
2019 X 7 X C1015 X AS46000,0.0
2019 X 7 X C1015 X AS17005,0.0
2019 X 7 X C1015 X AS27134,0.0
2019 X 7 X C1015 X AS27132,0.0
2019 X 7 X C1015 X AS27000,0.0
2019 X 7 X C1015 X AS27139,0.0
2019 X 7 X C1015 X AS27137,0.0
2019 X 7 X C1015 X AS27138,0.0
2019 X 7 X C1015 X AS27133,0.0
2019 X 7 X C1030 X AS42018,0.0
2019 X 7 X C1030 X AS21126,0.0
2019 X 7 X C1030 X AS46000,0.0
2019 X 7 X C1030 X AS17005,0.0
2019 X 7 X C1030 X AS27134,0.0
2019 X 7 X C1030 X AS27132,0.0
2019 X 7 X C1030 X AS27000,0.0
2019 X 7 X C1030 X AS27139,0.0
2019 X 7 X C1030 X AS27137,0.0
2019 X 7 X C1030 X AS27138,0.0
2019 X 7 X C1030 X AS27133,0.0
2019 X 7 X C1035 X AS46000,0.0
2019 X 7 X C1035 X AS27134,0.0
2019 X 7 X C1035 X AS27132,0.0
2019 X 7 X C1035 X AS27000,0.0
2019 X 7 X C1035 X AS27137,0.0
2019 X 7 X C1035 X AS27138,0.0
2019 X 7 X C1035 X AS27133,0.0
2019 X 7 X C1058 X AS21126,0.0
2019 X 7 X C1058 X AS27000,0.0
2019 X 7 X C1058 X AS27137,0.0
2019 X 7 X C1094 X AS27000,0.0
2019 X 7 X C1094 X AS27137,0.0
2019 X 7 X C1094 X AS27138,0.0
2019 X 7 X C1024 X AS46000,0.0
2019 X 7 X C1024 X AS17005,0.0
2019 X 7 X C1024 X AS27134,0.0
2019 X 7 X C1024 X AS27132,0.0
2019 X 7 X C1024 X AS27000,10.0
2019 X 7 X C1024 X AS27137,0.0
2019 X 7 X C1024 X AS27138,0.0
2019 X 7 X C1024 X AS27133,0.0
2019 X 7 X C1101 X AS27134,0.0
2019 X 7 X C1101 X AS27132,0.0
2019 X 7 X C1101 X AS27000,0.0
2019 X 7 X C1101 X AS27137,0.0
2019 X 7 X C1101 X AS27133,0.0
2019 X 7 X C1069 X AS42018,0.0
2019 X 7 X C1069 X AS27134,0.0
2019 X 7 X C1069 X AS27132,0.0
2019 X 7 X C1069 X AS27000,0.0
2019 X 7 X C1069 X AS27137,0.0
2019 X 7 X C1069 X AS27138,0.0
2019 X 7 X C1069 X AS27133,0.0
2019 X 8 X C1035 X AS46000,0.0
2019 X 8 X C1035 X AS27134,0.0
2019 X 8 X C1035 X AS27132,0.0
2019 X 8 X C1035 X AS27000,0.0
2019 X 8 X C1035 X AS27137,0.0
2019 X 8 X C1035 X AS27138,0.0
2019 X 8 X C1035 X AS27133,0.0
2019 X 8 X C1027 X AS42018,0.0
2019 X 8 X C1027 X AS21126,0.0
2019 X 8 X C1027 X AS46000,0.0
2019 X 8 X C1027 X AS17005,0.0
2019 X 8 X C1027 X AS27134,0.0
2019 X 8 X C1027 X AS27132,0.0
2019 X 8 X C1027 X AS27000,0.0
2019 X 8 X C1027 X AS27137,0.0
2019 X 8 X C1027 X AS27138,0.0
2019 X 8 X C1027 X AS27133,0.0
2019 X 8 X C1015 X AS42018,0.0
2019 X 8 X C1015 X AS21126,0.0
2019 X 8 X C1015 X AS46000,0.0
2019 X 8 X C1015 X AS17005,0.0
2019 X 8 X C1015 X AS27134,0.0
2019 X 8 X C1015 X AS27132,0.0
2019 X 8 X C1015 X AS27000,0.0
2019 X 8 X C1015 X AS27139,0.0
2019 X 8 X C1015 X AS27137,0.0
2019 X 8 X C1015 X AS27138,0.0
2019 X 8 X C1015 X AS27133,0.0
2019 X 8 X C1069 X AS42018,0.0
2019 X 8 X C1069 X AS27134,0.0
2019 X 8 X C1069 X AS27132,0.0
2019 X 8 X C1069 X AS27000,0.0
2019 X 8 X C1069 X AS27137,0.0
2019 X 8 X C1069 X AS27138,0.0
2019 X 8 X C1069 X AS27133,0.0
2019 X 8 X C1024 X AS46000,0.0
2019 X 8 X C1024 X AS17005,0.0
2019 X 8 X C1024 X AS27134,0.0
2019 X 8 X C1024 X AS27132,0.0
2019 X 8 X C1024 X AS27000,10.0
2019 X 8 X C1024 X AS27137,0.0
2019 X 8 X C1024 X AS27138,0.0
2019 X 8 X C1024 X AS27133,0.0
2019 X 8 X C1101 X AS27134,0.0
2019 X 8 X C1101 X AS27132,0.0
2019 X 8 X C1101 X AS27000,0.0
2019 X 8 X C1101 X AS27137,0.0
2019 X 8 X C1101 X AS27133,0.0
2019 X 8 X C1030 X AS42018,0.0
2019 X 8 X C1030 X AS21126,0.0
2019 X 8 X C1030 X AS46000,0.0
2019 X 8 X C1030 X AS17005,0.0
2019 X 8 X C1030 X AS27134,0.0
2019 X 8 X C1030 X AS27132,0.0
2019 X 8 X C1030 X AS27000,0.0
2019 X 8 X C1030 X AS27139,0.0
2019 X 8 X C1030 X AS27137,0.0
2019 X 8 X C1030 X AS27138,0.0
2019 X 8 X C1030 X AS27133,0.0
2019 X 8 X C1058 X AS21126,0.0
2019 X 8 X C1058 X AS27000,0.0
2019 X 8 X C1058 X AS27137,0.0
2019 X 8 X C1094 X AS27000,0.0
2019 X 8 X C1094 X AS27137,0.0
2019 X 8 X C1094 X AS27138,0.0
2019 X 9 X C1101 X AS27134,0.0
2019 X 9 X C1101 X AS27132,0.0
2019 X 9 X C1101 X AS27000,0.0
2019 X 9 X C1101 X AS27137,0.0
2019 X 9 X C1101 X AS27138,0.0
2019 X 9 X C1101 X AS27133,0.0
2019 X 9 X C1027 X AS42018,0.0
2019 X 9 X C1027 X AS21126,0.0
2019 X 9 X C1027 X AS46000,0.0
2019 X 9 X C1027 X AS17005,0.0
2019 X 9 X C1027 X AS27134,0.0
2019 X 9 X C1027 X AS27132,0.0
2019 X 9 X C1027 X AS27000,0.0
2019 X 9 X C1027 X AS27137,0.0
2019 X 9 X C1027 X AS27138,0.0
2019 X 9 X C1027 X AS27133,0.0
2019 X 9 X C1069 X AS42018,0.0
2019 X 9 X C1069 X AS27134,0.0
2019 X 9 X C1069 X AS27132,0.0
2019 X 9 X C1069 X AS27000,0.0
2019 X 9 X C1069 X AS27137,0.0
2019 X 9 X C1069 X AS27138,0.0
2019 X 9 X C1069 X AS27133,0.0
2019 X 9 X C1030 X AS42018,0.0
2019 X 9 X C1030 X AS21126,0.0
2019 X 9 X C1030 X AS46000,0.0
2019 X 9 X C1030 X AS17005,0.0
2019 X 9 X C1030 X AS27134,0.0
2019 X 9 X C1030 X AS27132,0.0
2019 X 9 X C1030 X AS27000,0.0
2019 X 9 X C1030 X AS27139,0.0
2019 X 9 X C1030 X AS27137,0.0
2019 X 9 X C1030 X AS27138,0.0
2019 X 9 X C1030 X AS27133,0.0
2019 X 9 X C1035 X AS46000,0.0
2019 X 9 X C1035 X AS27134,0.0
2019 X 9 X C1035 X AS27132,0.0
2019 X 9 X C1035 X AS27000,0.0
2019 X 9 X C1035 X AS27137,0.0
2019 X 9 X C1035 X AS27138,0.0
2019 X 9 X C1035 X AS27133,0.0
2019 X 9 X C1058 X AS21126,0.0
2019 X 9 X C1058 X AS27000,0.0
2019 X 9 X C1058 X AS27137,0.0
2019 X 9 X C1094 X AS27000,0.0
2019 X 9 X C1094 X AS27137,0.0
2019 X 9 X C1094 X AS27138,0.0
2019 X 9 X C1024 X AS46000,0.0
2019 X 9 X C1024 X AS17005,0.0
2019 X 9 X C1024 X AS27134,0.0
2019 X 9 X C1024 X AS27132,0.0
2019 X 9 X C1024 X AS27000,10.0
2019 X 9 X C1024 X AS27137,0.0
2019 X 9 X C1024 X AS27138,0.0
2019 X 9 X C1024 X AS27133,0.0
2019 X 9 X C1015 X AS42018,0.0
2019 X 9 X C1015 X AS21126,0.0
2019 X 9 X C1015 X AS46000,0.0
2019 X 9 X C1015 X AS17005,0.0
2019 X 9 X C1015 X AS27134,0.0
2019 X 9 X C1015 X AS27132,0.0
2019 X 9 X C1015 X AS27000,0.0
2019 X 9 X C1015 X AS27139,0.0
2019 X 9 X C1015 X AS27137,0.0
2019 X 9 X C1015 X AS27138,0.0
2019 X 9 X C1015 X AS27133,0.0
2019 X 7 X C2059 X AS27000,0.0
2019 X 7 X C2059 X AS27137,0.0
2019 X 7 X C2059 X AS27138,0.0
2019 X 7 X C2059 X AS27133,0.0
2019 X 8 X C2059 X AS27000,0.0
2019 X 8 X C2059 X AS27137,0.0
2019 X 8 X C2059 X AS27138,0.0
2019 X 8 X C2059 X AS27133,0.0
2019 X 9 X C2059 X AS27000,0.0
2019 X 9 X C2059 X AS27137,0.0
2019 X 9 X C2059 X AS27138,0.0
2019 X 9 X C2059 X AS27133,0.0
2019 X 7 X C5001 X AS27134,0.0
2019 X 7 X C5001 X AS27000,0.0
2019 X 7 X C5001 X AS27139,0.0
2019 X 7 X C5001 X AS27137,0.0
2019 X 7 X C5001 X AS27138,0.0
2019 X 7 X C5001 X AS27133,0.0
2019 X 8 X C5001 X AS27134,0.0
2019 X 8 X C5001 X AS27000,0.0
2019 X 8 X C5001 X AS27139,0.0
2019 X 8 X C5001 X AS27137,0.0
2019 X 8 X C5001 X AS27138,0.0
2019 X 8 X C5001 X AS27133,0.0
2019 X 9 X C5001 X AS27134,0.0
2019 X 9 X C5001 X AS27000,0.0
2019 X 9 X C5001 X AS27137,0.0
2019 X 9 X C5001 X AS27138,0.0
2019 X 9 X C5001 X AS27133,0.0
2019 X 7 X C3017 X AS46000,0.0
2019 X 7 X C3017 X AS27134,0.0
2019 X 7 X C3017 X AS27132,0.0
2019 X 7 X C3017 X AS27000,0.0
2019 X 7 X C3017 X AS27137,0.0
2019 X 7 X C3017 X AS27138,0.0
2019 X 7 X C3017 X AS27133,5.0
2019 X 8 X C3017 X AS46000,0.0
2019 X 8 X C3017 X AS27134,0.0
2019 X 8 X C3017 X AS27132,0.0
2019 X 8 X C3017 X AS27000,0.0
2019 X 8 X C3017 X AS27137,0.0
2019 X 8 X C3017 X AS27138,0.0
2019 X 8 X C3017 X AS27133,5.0
2019 X 9 X C3017 X AS46000,0.0
2019 X 9 X C3017 X AS27134,0.0
2019 X 9 X C3017 X AS27132,0.0
2019 X 9 X C3017 X AS27000,0.0
2019 X 9 X C3017 X AS27137,0.0
2019 X 9 X C3017 X AS27138,0.0
2019 X 9 X C3017 X AS27133,5.0
2019 X 7 X C4022 X AS21126,0.0
2019 X 7 X C4022 X AS27134,0.0
2019 X 7 X C4022 X AS27132,0.0
2019 X 7 X C4022 X AS27000,0.0
2019 X 7 X C4022 X AS27139,0.0
2019 X 7 X C4022 X AS27137,0.0
2019 X 7 X C4022 X AS27138,0.0
2019 X 7 X C4022 X AS27133,0.0
2019 X 8 X C4022 X AS21126,0.0
2019 X 8 X C4022 X AS27134,0.0
2019 X 8 X C4022 X AS27132,0.0
2019 X 8 X C4022 X AS27000,0.0
2019 X 8 X C4022 X AS27139,0.0
2019 X 8 X C4022 X AS27137,0.0
2019 X 8 X C4022 X AS27138,0.0
2019 X 8 X C4022 X AS27133,0.0
2019 X 9 X C4022 X AS21126,0.0
2019 X 9 X C4022 X AS27134,0.0
2019 X 9 X C4022 X AS27132,0.0
2019 X 9 X C4022 X AS27000,0.0
2019 X 9 X C4022 X AS27139,0.0
2019 X 9 X C4022 X AS27137,0.0
2019 X 9 X C4022 X AS27138,0.0
2019 X 9 X C4022 X AS27133,0.0
2019 X 7 X C5066 X AS27139,0.0
2019 X 7 X C5066 X AS27137,0.0
2019 X 7 X C5066 X AS27138,0.0
2019 X 7 X C5066 X AS27133,0.0
2019 X 8 X C5066 X AS27139,0.0
2019 X 8 X C5066 X AS27137,0.0
2019 X 8 X C5066 X AS27138,0.0
2019 X 8 X C5066 X AS27133,0.0
2019 X 9 X C5066 X AS27000,0.0
2019 X 9 X C5066 X AS27137,0.0
2019 X 9 X C5066 X AS27138,0.0
2019 X 9 X C5066 X AS27133,0.0
2019 X 7 X C4003 X AS21126,0.0
2019 X 7 X C4003 X AS27137,0.0
2019 X 7 X C4003 X AS27138,0.0
2019 X 7 X C4003 X AS27133,0.0
2019 X 8 X C4003 X AS21126,0.0
2019 X 8 X C4003 X AS27137,0.0
2019 X 8 X C4003 X AS27138,0.0
2019 X 8 X C4003 X AS27133,0.0
2019 X 9 X C4003 X AS27137,0.0
2019 X 9 X C4003 X AS27138,0.0
2019 X 9 X C4003 X AS27133,0.0
2019 X 7 X C3019 X AS27134,0.0
2019 X 7 X C3019 X AS27000,0.0
2019 X 7 X C3019 X AS27137,0.0
2019 X 7 X C3019 X AS27138,0.0
2019 X 7 X C3019 X AS27133,0.0
2019 X 7 X C3022 X AS27000,0.0
2019 X 7 X C3022 X AS27137,0.0
2019 X 7 X C3022 X AS27138,0.0
2019 X 7 X C3022 X AS27133,0.0
2019 X 8 X C3019 X AS27134,0.0
2019 X 8 X C3019 X AS27000,0.0
2019 X 8 X C3019 X AS27137,0.0
2019 X 8 X C3019 X AS27138,0.0
2019 X 8 X C3019 X AS27133,0.0
2019 X 8 X C3022 X AS27000,0.0
2019 X 8 X C3022 X AS27137,0.0
2019 X 8 X C3022 X AS27138,0.0
2019 X 8 X C3022 X AS27133,0.0
2019 X 9 X C3019 X AS27134,0.0
2019 X 9 X C3019 X AS27000,0.0
2019 X 9 X C3019 X AS27137,0.0
2019 X 9 X C3019 X AS27138,0.0
2019 X 9 X C3019 X AS27133,0.0
2019 X 9 X C3022 X AS27000,0.0
2019 X 9 X C3022 X AS27137,0.0
2019 X 9 X C3022 X AS27138,0.0
2019 X 9 X C3022 X AS27133,0.0
2019 X 7 X C5003 X AS27000,0.0
2019 X 7 X C5003 X AS27137,0.0
2019 X 7 X C5003 X AS27138,0.0
2019 X 7 X C5003 X AS27133,0.0
2019 X 7 X C5063 X AS46000,0.0
2019 X 7 X C5063 X AS17005,0.0
2019 X 7 X C5063 X AS27134,0.0
2019 X 7 X C5063 X AS27000,0.0
2019 X 7 X C5063 X AS27137,0.0
2019 X 7 X C5063 X AS27138,0.0
2019 X 7 X C5063 X AS27133,0.0
2019 X 8 X C5063 X AS46000,0.0
2019 X 8 X C5063 X AS17005,0.0
2019 X 8 X C5063 X AS27134,0.0
2019 X 8 X C5063 X AS27000,0.0
2019 X 8 X C5063 X AS27137,0.0
2019 X 8 X C5063 X AS27138,0.0
2019 X 8 X C5063 X AS27133,0.0
2019 X 8 X C5003 X AS27000,0.0
2019 X 8 X C5003 X AS27137,0.0
2019 X 8 X C5003 X AS27138,0.0
2019 X 8 X C5003 X AS27133,0.0
2019 X 9 X C5003 X AS27000,0.0
2019 X 9 X C5003 X AS27137,0.0
2019 X 9 X C5003 X AS27138,0.0
2019 X 9 X C5003 X AS27133,0.0
2019 X 9 X C5063 X AS46000,0.0
2019 X 9 X C5063 X AS17005,0.0
2019 X 9 X C5063 X AS27134,0.0
2019 X 9 X C5063 X AS27000,0.0
2019 X 9 X C5063 X AS27137,0.0
2019 X 9 X C5063 X AS27138,0.0
2019 X 9 X C5063 X AS27133,0.0
2019 X 7 X C3020 X AS42018,0.0
2019 X 7 X C3020 X AS27134,0.0
2019 X 7 X C3020 X AS27132,0.0
2019 X 7 X C3020 X AS27000,5.0
2019 X 7 X C3020 X AS27139,0.0
2019 X 7 X C3020 X AS27137,0.0
2019 X 7 X C3020 X AS27138,0.0
2019 X 7 X C3020 X AS27133,0.0
2019 X 7 X C3001 X AS21126,0.0
2019 X 7 X C3001 X AS27134,0.0
2019 X 7 X C3001 X AS27132,0.0
2019 X 7 X C3001 X AS27000,0.0
2019 X 7 X C3001 X AS27139,0.0
2019 X 7 X C3001 X AS27137,0.0
2019 X 7 X C3001 X AS27138,0.0
2019 X 7 X C3001 X AS27133,0.0
2019 X 8 X C3001 X AS21126,0.0
2019 X 8 X C3001 X AS27134,0.0
2019 X 8 X C3001 X AS27132,0.0
2019 X 8 X C3001 X AS27000,0.0
2019 X 8 X C3001 X AS27139,0.0
2019 X 8 X C3001 X AS27137,0.0
2019 X 8 X C3001 X AS27138,0.0
2019 X 8 X C3001 X AS27133,0.0
2019 X 8 X C3020 X AS42018,0.0
2019 X 8 X C3020 X AS27134,0.0
2019 X 8 X C3020 X AS27132,0.0
2019 X 8 X C3020 X AS27000,5.0
2019 X 8 X C3020 X AS27139,0.0
2019 X 8 X C3020 X AS27137,0.0
2019 X 8 X C3020 X AS27138,0.0
2019 X 8 X C3020 X AS27133,0.0
2019 X 9 X C3020 X AS21126,0.0
2019 X 9 X C3020 X AS42018,0.0
2019 X 9 X C3020 X AS27134,0.0
2019 X 9 X C3020 X AS27132,0.0
2019 X 9 X C3020 X AS27000,5.0
2019 X 9 X C3020 X AS27139,0.0
2019 X 9 X C3020 X AS27137,0.0
2019 X 9 X C3020 X AS27138,0.0
2019 X 9 X C3020 X AS27133,0.0
2019 X 9 X C3001 X AS21126,0.0
2019 X 9 X C3001 X AS27134,0.0
2019 X 9 X C3001 X AS27132,0.0
2019 X 9 X C3001 X AS27000,0.0
2019 X 9 X C3001 X AS27139,0.0
2019 X 9 X C3001 X AS27137,0.0
2019 X 9 X C3001 X AS27138,0.0
2019 X 9 X C3001 X AS27133,0.0
2019 X 7 X C2060 X AS46000,6.0
2019 X 7 X C2060 X AS27134,0.0
2019 X 7 X C2060 X AS27132,1.0
2019 X 7 X C2060 X AS27000,9.0
2019 X 7 X C2060 X AS27139,0.0
2019 X 7 X C2060 X AS27138,0.0
2019 X 7 X C2060 X AS27133,0.0
2019 X 8 X C2060 X AS46000,6.0
2019 X 8 X C2060 X AS27134,0.0
2019 X 8 X C2060 X AS27132,1.0
2019 X 8 X C2060 X AS27000,9.0
2019 X 8 X C2060 X AS27139,0.0
2019 X 8 X C2060 X AS27138,0.0
2019 X 8 X C2060 X AS27133,0.0
2019 X 9 X C2060 X AS46000,6.0
2019 X 9 X C2060 X AS27134,0.0
2019 X 9 X C2060 X AS27132,1.0
2019 X 9 X C2060 X AS27000,9.0
2019 X 9 X C2060 X AS27139,0.0
2019 X 9 X C2060 X AS27138,0.0
2019 X 9 X C2060 X AS27133,0.0
2019 X 7 X C4025 X AS21126,0.0
2019 X 7 X C4025 X AS27134,0.0
2019 X 7 X C4025 X AS27132,0.0
2019 X 7 X C4025 X AS27000,0.0
2019 X 7 X C4025 X AS27137,0.0
2019 X 7 X C4025 X AS27138,0.0
2019 X 7 X C4025 X AS27133,0.0
2019 X 8 X C4025 X AS21126,0.0
2019 X 8 X C4025 X AS27000,0.0
2019 X 8 X C4025 X AS27137,0.0
2019 X 8 X C4025 X AS27138,0.0
2019 X 8 X C4025 X AS27133,0.0
2019 X 9 X C4025 X AS21126,0.0
2019 X 9 X C4025 X AS27000,0.0
2019 X 9 X C4025 X AS27137,0.0
2019 X 9 X C4025 X AS27138,0.0
2019 X 9 X C4025 X AS27133,0.0
2019 X 7 X C2062 X AS42018,0.0
2019 X 7 X C2062 X AS27134,0.0
2019 X 7 X C2062 X AS27132,0.0
2019 X 7 X C2062 X AS27000,3.0
2019 X 7 X C2062 X AS27139,0.0
2019 X 7 X C2062 X AS27137,0.0
2019 X 7 X C2062 X AS27138,0.0
2019 X 7 X C2062 X AS27133,0.0
2019 X 8 X C2062 X AS42018,0.0
2019 X 8 X C2062 X AS27134,0.0
2019 X 8 X C2062 X AS27132,0.0
2019 X 8 X C2062 X AS27000,3.0
2019 X 8 X C2062 X AS27139,0.0
2019 X 8 X C2062 X AS27137,0.0
2019 X 8 X C2062 X AS27138,0.0
2019 X 8 X C2062 X AS27133,0.0
2019 X 9 X C2062 X AS42018,0.0
2019 X 9 X C2062 X AS27134,0.0
2019 X 9 X C2062 X AS27132,0.0
2019 X 9 X C2062 X AS27000,3.0
2019 X 9 X C2062 X AS27139,0.0
2019 X 9 X C2062 X AS27137,0.0
2019 X 9 X C2062 X AS27138,0.0
2019 X 9 X C2062 X AS27133,0.0
2019 X 7 X C2214 X AS27000,0.0
2019 X 7 X C2214 X AS27138,0.0
2019 X 7 X C2214 X AS27133,0.0
2019 X 7 X C2007 X AS21126,0.0
2019 X 7 X C2007 X AS27134,0.0
2019 X 7 X C2007 X AS27132,0.0
2019 X 7 X C2007 X AS27000,0.0
2019 X 7 X C2007 X AS27137,0.0
2019 X 7 X C2007 X AS27138,5.0
2019 X 7 X C2007 X AS27133,0.0
2019 X 8 X C2214 X AS27000,0.0
2019 X 8 X C2214 X AS27138,0.0
2019 X 8 X C2214 X AS27133,0.0
2019 X 8 X C2007 X AS21126,0.0
2019 X 8 X C2007 X AS27134,0.0
2019 X 8 X C2007 X AS27132,0.0
2019 X 8 X C2007 X AS27000,0.0
2019 X 8 X C2007 X AS27137,0.0
2019 X 8 X C2007 X AS27138,5.0
2019 X 8 X C2007 X AS27133,0.0
2019 X 9 X C2214 X AS27000,0.0
2019 X 9 X C2214 X AS27138,0.0
2019 X 9 X C2214 X AS27133,0.0
2019 X 9 X C2007 X AS21126,0.0
2019 X 9 X C2007 X AS27134,0.0
2019 X 9 X C2007 X AS27132,0.0
2019 X 9 X C2007 X AS27000,0.0
2019 X 9 X C2007 X AS27137,0.0
2019 X 9 X C2007 X AS27138,5.0
2019 X 9 X C2007 X AS27133,0.0
2019 X 7 X C1095 X AS21126,0.0
2019 X 7 X C1095 X AS27134,0.0
2019 X 7 X C1095 X AS27132,0.0
2019 X 7 X C1095 X AS27000,0.0
2019 X 7 X C1095 X AS27137,0.0
2019 X 7 X C1095 X AS27138,0.0
2019 X 7 X C1095 X AS27133,0.0
2019 X 8 X C1095 X AS21126,0.0
2019 X 8 X C1095 X AS27134,0.0
2019 X 8 X C1095 X AS27132,0.0
2019 X 8 X C1095 X AS27000,0.0
2019 X 8 X C1095 X AS27137,0.0
2019 X 8 X C1095 X AS27138,0.0
2019 X 8 X C1095 X AS27133,0.0
2019 X 9 X C1095 X AS21126,0.0
2019 X 9 X C1095 X AS27134,0.0
2019 X 9 X C1095 X AS27132,0.0
2019 X 9 X C1095 X AS27000,0.0
2019 X 9 X C1095 X AS27137,0.0
2019 X 9 X C1095 X AS27138,0.0
2019 X 9 X C1095 X AS27133,0.0
2019 X 7 X C2041 X AS27132,0.0
2019 X 7 X C2041 X AS27000,0.0
2019 X 7 X C2041 X AS27137,0.0
2019 X 7 X C2041 X AS27138,0.0
2019 X 7 X C2041 X AS27133,0.0
2019 X 7 X C2008 X AS46000,0.0
2019 X 7 X C2008 X AS27132,0.0
2019 X 7 X C2008 X AS27000,0.0
2019 X 7 X C2008 X AS27137,0.0
2019 X 7 X C2008 X AS27138,0.0
2019 X 7 X C2008 X AS27133,0.0
2019 X 8 X C2008 X AS46000,0.0
2019 X 8 X C2008 X AS27132,0.0
2019 X 8 X C2008 X AS27000,0.0
2019 X 8 X C2008 X AS27137,0.0
2019 X 8 X C2008 X AS27138,0.0
2019 X 8 X C2008 X AS27133,0.0
2019 X 8 X C2041 X AS27132,0.0
2019 X 8 X C2041 X AS27000,0.0
2019 X 8 X C2041 X AS27137,0.0
2019 X 8 X C2041 X AS27138,0.0
2019 X 8 X C2041 X AS27133,0.0
2019 X 9 X C2008 X AS46000,0.0
2019 X 9 X C2008 X AS27132,0.0
2019 X 9 X C2008 X AS27000,0.0
2019 X 9 X C2008 X AS27137,0.0
2019 X 9 X C2008 X AS27138,0.0
2019 X 9 X C2008 X AS27133,0.0
2019 X 9 X C2041 X AS27132,0.0
2019 X 9 X C2041 X AS27000,0.0
2019 X 9 X C2041 X AS27137,0.0
2019 X 9 X C2041 X AS27138,0.0
2019 X 9 X C2041 X AS27133,0.0
2019 X 7 X C1098 X AS27134,0.0
2019 X 7 X C1098 X AS27132,0.0
2019 X 7 X C1098 X AS27000,0.0
2019 X 7 X C1098 X AS27139,0.0
2019 X 7 X C1098 X AS27137,0.0
2019 X 7 X C1098 X AS27138,0.0
2019 X 7 X C1098 X AS27133,0.0
2019 X 8 X C1098 X AS27134,0.0
2019 X 8 X C1098 X AS27132,0.0
2019 X 8 X C1098 X AS27000,0.0
2019 X 8 X C1098 X AS27139,0.0
2019 X 8 X C1098 X AS27137,0.0
2019 X 8 X C1098 X AS27138,0.0
2019 X 8 X C1098 X AS27133,0.0
2019 X 9 X C1098 X AS27134,0.0
2019 X 9 X C1098 X AS27132,0.0
2019 X 9 X C1098 X AS27000,0.0
2019 X 9 X C1098 X AS27139,0.0
2019 X 9 X C1098 X AS27137,0.0
2019 X 9 X C1098 X AS27138,0.0
2019 X 9 X C1098 X AS27133,0.0
2019 X 7 X C2063 X AS27134,0.0
2019 X 7 X C2063 X AS27132,0.0
2019 X 7 X C2063 X AS27000,0.0
2019 X 7 X C2063 X AS27137,0.0
2019 X 7 X C2063 X AS27138,0.0
2019 X 7 X C2063 X AS27133,0.0
2019 X 8 X C2063 X AS27134,0.0
2019 X 8 X C2063 X AS27132,0.0
2019 X 8 X C2063 X AS27000,0.0
2019 X 8 X C2063 X AS27137,0.0
2019 X 8 X C2063 X AS27138,0.0
2019 X 8 X C2063 X AS27133,0.0
2019 X 9 X C2063 X AS27134,0.0
2019 X 9 X C2063 X AS27132,0.0
2019 X 9 X C2063 X AS27000,0.0
2019 X 9 X C2063 X AS27137,0.0
2019 X 9 X C2063 X AS27138,0.0
2019 X 9 X C2063 X AS27133,0.0
2019 X 7 X C2015 X AS21126,0.0
2019 X 7 X C2015 X AS27134,0.0
2019 X 7 X C2015 X AS27000,0.0
2019 X 7 X C2015 X AS27139,0.0
2019 X 7 X C2015 X AS27137,0.0
2019 X 7 X C2015 X AS27138,0.0
2019 X 7 X C2015 X AS27133,0.0
2019 X 7 X C2064 X AS46000,0.0
2019 X 7 X C2064 X AS27134,0.0
2019 X 7 X C2064 X AS27132,0.0
2019 X 7 X C2064 X AS27000,0.0
2019 X 7 X C2064 X AS27139,0.0
2019 X 7 X C2064 X AS27137,0.0
2019 X 7 X C2064 X AS27138,0.0
2019 X 7 X C2064 X AS27133,0.0
2019 X 7 X C1411 X AS42018,0.0
2019 X 7 X C1411 X AS21126,0.0
2019 X 7 X C1411 X AS27134,0.0
2019 X 7 X C1411 X AS27132,0.0
2019 X 7 X C1411 X AS27000,0.0
2019 X 7 X C1411 X AS27139,0.0
2019 X 7 X C1411 X AS27137,0.0
2019 X 7 X C1411 X AS27138,0.0
2019 X 7 X C1411 X AS27133,0.0
2019 X 7 X C2050 X AS27134,0.0
2019 X 7 X C2050 X AS27132,0.0
2019 X 7 X C2050 X AS27000,0.0
2019 X 7 X C2050 X AS27137,0.0
2019 X 7 X C2050 X AS27138,0.0
2019 X 7 X C2050 X AS27133,0.0
2019 X 8 X C2015 X AS21126,0.0
2019 X 8 X C2015 X AS27134,0.0
2019 X 8 X C2015 X AS27000,0.0
2019 X 8 X C2015 X AS27139,0.0
2019 X 8 X C2015 X AS27137,0.0
2019 X 8 X C2015 X AS27138,0.0
2019 X 8 X C2015 X AS27133,0.0
2019 X 8 X C2064 X AS46000,0.0
2019 X 8 X C2064 X AS27134,0.0
2019 X 8 X C2064 X AS27132,0.0
2019 X 8 X C2064 X AS27000,0.0
2019 X 8 X C2064 X AS27139,0.0
2019 X 8 X C2064 X AS27137,0.0
2019 X 8 X C2064 X AS27138,0.0
2019 X 8 X C2064 X AS27133,0.0
2019 X 8 X C1411 X AS21126,0.0
2019 X 8 X C1411 X AS42018,0.0
2019 X 8 X C1411 X AS27134,0.0
2019 X 8 X C1411 X AS27132,0.0
2019 X 8 X C1411 X AS27000,0.0
2019 X 8 X C1411 X AS27139,0.0
2019 X 8 X C1411 X AS27137,0.0
2019 X 8 X C1411 X AS27138,0.0
2019 X 8 X C1411 X AS27133,0.0
2019 X 8 X C2050 X AS27134,0.0
2019 X 8 X C2050 X AS27132,0.0
2019 X 8 X C2050 X AS27000,0.0
2019 X 8 X C2050 X AS27137,0.0
2019 X 8 X C2050 X AS27138,0.0
2019 X 8 X C2050 X AS27133,0.0
2019 X 9 X C2050 X AS27134,0.0
2019 X 9 X C2050 X AS27132,0.0
2019 X 9 X C2050 X AS27000,0.0
2019 X 9 X C2050 X AS27137,0.0
2019 X 9 X C2050 X AS27138,0.0
2019 X 9 X C2050 X AS27133,0.0
2019 X 9 X C2015 X AS21126,0.0
2019 X 9 X C2015 X AS27134,0.0
2019 X 9 X C2015 X AS27000,0.0
2019 X 9 X C2015 X AS27139,0.0
2019 X 9 X C2015 X AS27137,0.0
2019 X 9 X C2015 X AS27138,0.0
2019 X 9 X C2015 X AS27133,0.0
2019 X 9 X C2064 X AS46000,0.0
2019 X 9 X C2064 X AS27134,0.0
2019 X 9 X C2064 X AS27132,0.0
2019 X 9 X C2064 X AS27000,0.0
2019 X 9 X C2064 X AS27139,0.0
2019 X 9 X C2064 X AS27137,0.0
2019 X 9 X C2064 X AS27138,0.0
2019 X 9 X C2064 X AS27133,0.0
2019 X 9 X C1411 X AS42018,0.0
2019 X 9 X C1411 X AS21126,0.0
2019 X 9 X C1411 X AS27134,0.0
2019 X 9 X C1411 X AS27132,0.0
2019 X 9 X C1411 X AS27000,0.0
2019 X 9 X C1411 X AS27139,0.0
2019 X 9 X C1411 X AS27137,0.0
2019 X 9 X C1411 X AS27138,0.0
2019 X 9 X C1411 X AS27133,0.0
2019 X 7 X C2066 X AS21126,0.0
2019 X 7 X C2066 X AS46000,0.0
2019 X 7 X C2066 X AS27134,0.0
2019 X 7 X C2066 X AS27000,0.0
2019 X 7 X C2066 X AS27139,0.0
2019 X 7 X C2066 X AS27137,0.0
2019 X 7 X C2066 X AS27138,0.0
2019 X 7 X C2066 X AS27133,0.0
2019 X 8 X C2066 X AS21126,0.0
2019 X 8 X C2066 X AS46000,0.0
2019 X 8 X C2066 X AS27134,0.0
2019 X 8 X C2066 X AS27000,0.0
2019 X 8 X C2066 X AS27139,0.0
2019 X 8 X C2066 X AS27137,0.0
2019 X 8 X C2066 X AS27138,0.0
2019 X 8 X C2066 X AS27133,0.0
2019 X 9 X C2066 X AS21126,0.0
2019 X 9 X C2066 X AS46000,0.0
2019 X 9 X C2066 X AS27134,0.0
2019 X 9 X C2066 X AS27000,0.0
2019 X 9 X C2066 X AS27139,0.0
2019 X 9 X C2066 X AS27137,0.0
2019 X 9 X C2066 X AS27138,0.0
2019 X 9 X C2066 X AS27133,0.0
2019 X 7 X C4021 X AS21126,0.0
2019 X 7 X C4021 X AS42018,0.0
2019 X 7 X C4021 X AS46000,0.0
2019 X 7 X C4021 X AS17005,0.0
2019 X 7 X C4021 X AS27134,0.0
2019 X 7 X C4021 X AS27132,0.0
2019 X 7 X C4021 X AS27000,0.0
2019 X 7 X C4021 X AS27139,0.0
2019 X 7 X C4021 X AS27137,0.0
2019 X 7 X C4021 X AS27138,0.0
2019 X 7 X C4021 X AS27133,0.0
2019 X 7 X C2168 X AS21126,0.0
2019 X 7 X C2168 X AS42018,0.0
2019 X 7 X C2168 X AS46000,0.0
2019 X 7 X C2168 X AS17005,0.0
2019 X 7 X C2168 X AS27134,0.0
2019 X 7 X C2168 X AS27132,0.0
2019 X 7 X C2168 X AS27000,0.0
2019 X 7 X C2168 X AS27139,0.0
2019 X 7 X C2168 X AS27137,0.0
2019 X 7 X C2168 X AS27138,0.0
2019 X 7 X C2168 X AS27133,0.0
2019 X 7 X C4020 X AS21126,0.0
2019 X 7 X C4020 X AS27134,0.0
2019 X 7 X C4020 X AS27132,0.0
2019 X 7 X C4020 X AS27000,0.0
2019 X 7 X C4020 X AS27138,0.0
2019 X 7 X C4020 X AS27133,0.0
2019 X 7 X C4026 X AS46000,0.0
2019 X 7 X C4026 X AS27134,0.0
2019 X 7 X C4026 X AS27132,0.0
2019 X 7 X C4026 X AS27000,0.0
2019 X 7 X C4026 X AS27137,0.0
2019 X 7 X C4026 X AS27138,0.0
2019 X 7 X C4026 X AS27133,0.0
2019 X 8 X C4020 X AS21126,0.0
2019 X 8 X C4020 X AS27134,0.0
2019 X 8 X C4020 X AS27132,0.0
2019 X 8 X C4020 X AS27000,0.0
2019 X 8 X C4020 X AS27138,0.0
2019 X 8 X C4020 X AS27133,0.0
2019 X 8 X C4021 X AS21126,0.0
2019 X 8 X C4021 X AS42018,0.0
2019 X 8 X C4021 X AS46000,0.0
2019 X 8 X C4021 X AS17005,0.0
2019 X 8 X C4021 X AS27134,0.0
2019 X 8 X C4021 X AS27132,0.0
2019 X 8 X C4021 X AS27000,0.0
2019 X 8 X C4021 X AS27139,0.0
2019 X 8 X C4021 X AS27137,0.0
2019 X 8 X C4021 X AS27138,0.0
2019 X 8 X C4021 X AS27133,0.0
2019 X 8 X C2168 X AS21126,0.0
2019 X 8 X C2168 X AS42018,0.0
2019 X 8 X C2168 X AS46000,0.0
2019 X 8 X C2168 X AS17005,0.0
2019 X 8 X C2168 X AS27134,0.0
2019 X 8 X C2168 X AS27132,0.0
2019 X 8 X C2168 X AS27000,0.0
2019 X 8 X C2168 X AS27139,0.0
2019 X 8 X C2168 X AS27137,0.0
2019 X 8 X C2168 X AS27138,0.0
2019 X 8 X C2168 X AS27133,0.0
2019 X 8 X C4026 X AS46000,0.0
2019 X 8 X C4026 X AS27134,0.0
2019 X 8 X C4026 X AS27132,0.0
2019 X 8 X C4026 X AS27000,0.0
2019 X 8 X C4026 X AS27137,0.0
2019 X 8 X C4026 X AS27138,0.0
2019 X 8 X C4026 X AS27133,0.0
2019 X 9 X C2168 X AS42018,0.0
2019 X 9 X C2168 X AS21126,0.0
2019 X 9 X C2168 X AS46000,0.0
2019 X 9 X C2168 X AS17005,0.0
2019 X 9 X C2168 X AS27134,0.0
2019 X 9 X C2168 X AS27132,0.0
2019 X 9 X C2168 X AS27000,0.0
2019 X 9 X C2168 X AS27139,0.0
2019 X 9 X C2168 X AS27137,0.0
2019 X 9 X C2168 X AS27138,0.0
2019 X 9 X C2168 X AS27133,0.0
2019 X 9 X C4026 X AS46000,0.0
2019 X 9 X C4026 X AS27134,0.0
2019 X 9 X C4026 X AS27132,0.0
2019 X 9 X C4026 X AS27000,0.0
2019 X 9 X C4026 X AS27137,0.0
2019 X 9 X C4026 X AS27138,0.0
2019 X 9 X C4026 X AS27133,0.0
2019 X 9 X C4020 X AS27134,0.0
2019 X 9 X C4020 X AS27132,0.0
2019 X 9 X C4020 X AS27000,0.0
2019 X 9 X C4020 X AS27138,0.0
2019 X 9 X C4020 X AS27133,0.0
2019 X 9 X C4021 X AS21126,0.0
2019 X 9 X C4021 X AS42018,0.0
2019 X 9 X C4021 X AS46000,0.0
2019 X 9 X C4021 X AS17005,0.0
2019 X 9 X C4021 X AS27134,0.0
2019 X 9 X C4021 X AS27132,0.0
2019 X 9 X C4021 X AS27000,0.0
2019 X 9 X C4021 X AS27139,0.0
2019 X 9 X C4021 X AS27137,0.0
2019 X 9 X C4021 X AS27138,0.0
2019 X 9 X C4021 X AS27133,0.0
2019 X 7 X C3023 X AS42018,0.0
2019 X 7 X C3023 X AS46000,0.0
2019 X 7 X C3023 X AS27134,0.0
2019 X 7 X C3023 X AS27132,0.0
2019 X 7 X C3023 X AS27000,0.0
2019 X 7 X C3023 X AS27137,0.0
2019 X 7 X C3023 X AS27138,0.0
2019 X 7 X C3023 X AS27133,0.0
2019 X 8 X C3023 X AS42018,0.0
2019 X 8 X C3023 X AS46000,0.0
2019 X 8 X C3023 X AS27134,0.0
2019 X 8 X C3023 X AS27132,0.0
2019 X 8 X C3023 X AS27000,0.0
2019 X 8 X C3023 X AS27137,0.0
2019 X 8 X C3023 X AS27138,0.0
2019 X 8 X C3023 X AS27133,0.0
2019 X 9 X C3023 X AS42018,0.0
2019 X 9 X C3023 X AS46000,0.0
2019 X 9 X C3023 X AS27134,0.0
2019 X 9 X C3023 X AS27132,0.0
2019 X 9 X C3023 X AS27000,0.0
2019 X 9 X C3023 X AS27137,0.0
2019 X 9 X C3023 X AS27138,0.0
2019 X 9 X C3023 X AS27133,0.0
2019 X 7 X C1701 X AS21126,0.0
2019 X 7 X C1701 X AS27139,0.0
2019 X 7 X C1701 X AS27138,0.0
2019 X 7 X C1701 X AS27133,0.0
2019 X 7 X C1112 X AS42018,0.0
2019 X 7 X C1112 X AS21126,0.0
2019 X 7 X C1112 X AS46000,0.0
2019 X 7 X C1112 X AS17005,0.0
2019 X 7 X C1112 X AS27134,0.0
2019 X 7 X C1112 X AS27132,0.0
2019 X 7 X C1112 X AS27000,0.0
2019 X 7 X C1112 X AS27139,0.0
2019 X 7 X C1112 X AS27137,0.0
2019 X 7 X C1112 X AS27138,0.0
2019 X 7 X C1112 X AS27133,0.0
2019 X 7 X C2065 X AS21126,0.0
2019 X 7 X C2065 X AS46000,0.0
2019 X 7 X C2065 X AS17005,0.0
2019 X 7 X C2065 X AS27134,0.0
2019 X 7 X C2065 X AS27132,0.0
2019 X 7 X C2065 X AS27000,0.0
2019 X 7 X C2065 X AS27139,0.0
2019 X 7 X C2065 X AS27137,0.0
2019 X 7 X C2065 X AS27138,0.0
2019 X 7 X C2065 X AS27133,0.0
2019 X 7 X C1009 X AS27132,0.0
2019 X 7 X C1009 X AS27000,8.799118719995022
2019 X 7 X C1009 X AS27139,0.006365621462464333
2019 X 7 X C1009 X AS27137,3.170880377292633
2019 X 7 X C1009 X AS27138,2.1034374833106995
2019 X 7 X C1009 X AS27133,89.9458440542221
2019 X 8 X C2065 X AS21126,0.0
2019 X 8 X C2065 X AS46000,0.0
2019 X 8 X C2065 X AS17005,0.0
2019 X 8 X C2065 X AS27134,0.0
2019 X 8 X C2065 X AS27132,0.0
2019 X 8 X C2065 X AS27000,0.0
2019 X 8 X C2065 X AS27139,0.0
2019 X 8 X C2065 X AS27137,0.0
2019 X 8 X C2065 X AS27138,0.0
2019 X 8 X C2065 X AS27133,0.0
2019 X 8 X C1701 X AS21126,0.0
2019 X 8 X C1701 X AS27139,0.0
2019 X 8 X C1701 X AS27138,0.0
2019 X 8 X C1701 X AS27133,0.0
2019 X 8 X C1009 X AS27000,7.610136792063713
2019 X 8 X C1009 X AS27137,3.1635546684265137
2019 X 8 X C1009 X AS27138,1.79846853017807
2019 X 8 X C1009 X AS27133,105.7602471113205
2019 X 8 X C1112 X AS42018,0.0
2019 X 8 X C1112 X AS21126,0.0
2019 X 8 X C1112 X AS46000,0.0
2019 X 8 X C1112 X AS17005,0.0
2019 X 8 X C1112 X AS27134,0.0
2019 X 8 X C1112 X AS27132,0.0
2019 X 8 X C1112 X AS27000,0.0
2019 X 8 X C1112 X AS27139,0.0
2019 X 8 X C1112 X AS27137,0.0
2019 X 8 X C1112 X AS27138,0.0
2019 X 8 X C1112 X AS27133,0.0
2019 X 9 X C1701 X AS21126,0.0
2019 X 9 X C1701 X AS27139,0.0
2019 X 9 X C1701 X AS27138,0.0
2019 X 9 X C1701 X AS27133,0.0
2019 X 9 X C1009 X AS27132,0.0
2019 X 9 X C1009 X AS27000,6.598788484930992
2019 X 9 X C1009 X AS27137,3.1394577026367188
2019 X 9 X C1009 X AS27138,1.5419043973088264
2019 X 9 X C1009 X AS27133,126.53886222839355
2019 X 9 X C1112 X AS42018,0.0
2019 X 9 X C1112 X AS21126,0.0
2019 X 9 X C1112 X AS46000,0.0
2019 X 9 X C1112 X AS17005,0.0
2019 X 9 X C1112 X AS27134,0.0
2019 X 9 X C1112 X AS27132,0.0
2019 X 9 X C1112 X AS27000,0.0
2019 X 9 X C1112 X AS27139,0.0
2019 X 9 X C1112 X AS27137,0.0
2019 X 9 X C1112 X AS27138,0.0
2019 X 9 X C1112 X AS27133,0.0
2019 X 9 X C2065 X AS21126,0.0
2019 X 9 X C2065 X AS46000,0.0
2019 X 9 X C2065 X AS17005,0.0
2019 X 9 X C2065 X AS27134,0.0
2019 X 9 X C2065 X AS27132,0.0
2019 X 9 X C2065 X AS27000,0.0
2019 X 9 X C2065 X AS27139,0.0
2019 X 9 X C2065 X AS27137,0.0
2019 X 9 X C2065 X AS27138,0.0
2019 X 9 X C2065 X AS27133,0.0
2019 X 7 X C2068 X AS27134,0.0
2019 X 7 X C2068 X AS27000,0.0
2019 X 7 X C2068 X AS27139,0.0
2019 X 7 X C2068 X AS27137,0.0
2019 X 7 X C2068 X AS27138,0.0
2019 X 7 X C2068 X AS27133,0.0
2019 X 8 X C2068 X AS27134,0.0
2019 X 8 X C2068 X AS27000,0.0
2019 X 8 X C2068 X AS27137,0.0
2019 X 8 X C2068 X AS27138,0.0
2019 X 8 X C2068 X AS27133,0.0
2019 X 9 X C2068 X AS27134,0.0
2019 X 9 X C2068 X AS27000,0.0
2019 X 9 X C2068 X AS27137,0.0
2019 X 9 X C2068 X AS27138,0.0
2019 X 9 X C2068 X AS27133,0.0
2019 X 7 X C5004 X AS42018,0.0
2019 X 7 X C5004 X AS21126,0.0
2019 X 7 X C5004 X AS27132,0.0
2019 X 7 X C5004 X AS27000,0.0
2019 X 7 X C5004 X AS27139,0.0
2019 X 7 X C5004 X AS27137,0.0
2019 X 7 X C5004 X AS27138,0.0
2019 X 7 X C5004 X AS27133,0.0
2019 X 8 X C5004 X AS21126,0.0
2019 X 8 X C5004 X AS42018,0.0
2019 X 8 X C5004 X AS27132,0.0
2019 X 8 X C5004 X AS27000,0.0
2019 X 8 X C5004 X AS27139,0.0
2019 X 8 X C5004 X AS27137,0.0
2019 X 8 X C5004 X AS27138,0.0
2019 X 8 X C5004 X AS27133,0.0
2019 X 9 X C5004 X AS42018,0.0
2019 X 9 X C5004 X AS21126,0.0
2019 X 9 X C5004 X AS27132,0.0
2019 X 9 X C5004 X AS27000,0.0
2019 X 9 X C5004 X AS27139,0.0
2019 X 9 X C5004 X AS27137,0.0
2019 X 9 X C5004 X AS27138,0.0
2019 X 9 X C5004 X AS27133,0.0
2019 X 7 X C5021 X AS27134,0.0
2019 X 7 X C5021 X AS27000,0.0
2019 X 7 X C5021 X AS27137,0.0
2019 X 7 X C5021 X AS27138,0.0
2019 X 7 X C5021 X AS27133,1.0
2019 X 8 X C5021 X AS27134,0.0
2019 X 8 X C5021 X AS27000,0.0
2019 X 8 X C5021 X AS27137,0.0
2019 X 8 X C5021 X AS27138,0.0
2019 X 8 X C5021 X AS27133,1.0
2019 X 9 X C5021 X AS27134,0.0
2019 X 9 X C5021 X AS27000,0.0
2019 X 9 X C5021 X AS27137,0.0
2019 X 9 X C5021 X AS27138,0.0
2019 X 9 X C5021 X AS27133,1.0
2019 X 7 X C2069 X AS27134,0.0
2019 X 7 X C2069 X AS27132,0.0
2019 X 7 X C2069 X AS27000,0.0
2019 X 7 X C2069 X AS27139,0.0
2019 X 7 X C2069 X AS27137,0.0
2019 X 7 X C2069 X AS27138,0.0
2019 X 7 X C2069 X AS27133,0.0
2019 X 7 X C2052 X AS27134,0.0
2019 X 7 X C2052 X AS27132,0.0
2019 X 7 X C2052 X AS27000,0.0
2019 X 7 X C2052 X AS27133,0.0
2019 X 7 X C2057 X AS27134,0.0
2019 X 7 X C2057 X AS27132,0.0
2019 X 7 X C2057 X AS27000,8.0
2019 X 7 X C2057 X AS27138,0.0
2019 X 7 X C2057 X AS27133,0.0
2019 X 8 X C2069 X AS27134,0.0
2019 X 8 X C2069 X AS27132,0.0
2019 X 8 X C2069 X AS27000,0.0
2019 X 8 X C2069 X AS27139,0.0
2019 X 8 X C2069 X AS27137,0.0
2019 X 8 X C2069 X AS27138,0.0
2019 X 8 X C2069 X AS27133,0.0
2019 X 8 X C2052 X AS27134,0.0
2019 X 8 X C2052 X AS27132,0.0
2019 X 8 X C2052 X AS27000,0.0
2019 X 8 X C2052 X AS27133,0.0
2019 X 8 X C2057 X AS27134,0.0
2019 X 8 X C2057 X AS27132,0.0
2019 X 8 X C2057 X AS27000,8.0
2019 X 8 X C2057 X AS27138,0.0
2019 X 8 X C2057 X AS27133,0.0
2019 X 9 X C2052 X AS27134,0.0
2019 X 9 X C2052 X AS27132,0.0
2019 X 9 X C2052 X AS27000,0.0
2019 X 9 X C2052 X AS27133,0.0
2019 X 9 X C2069 X AS27134,0.0
2019 X 9 X C2069 X AS27132,0.0
2019 X 9 X C2069 X AS27000,0.0
2019 X 9 X C2069 X AS27139,0.0
2019 X 9 X C2069 X AS27137,0.0
2019 X 9 X C2069 X AS27138,0.0
2019 X 9 X C2069 X AS27133,0.0
2019 X 9 X C2057 X AS27134,0.0
2019 X 9 X C2057 X AS27132,0.0
2019 X 9 X C2057 X AS27000,8.0
2019 X 9 X C2057 X AS27138,0.0
2019 X 9 X C2057 X AS27133,0.0
2019 X 7 X C1072 X AS21126,0.0
2019 X 7 X C1072 X AS27134,0.0
2019 X 7 X C1072 X AS27132,0.0
2019 X 7 X C1072 X AS27000,0.0
2019 X 7 X C1072 X AS27139,0.0
2019 X 7 X C1072 X AS27137,0.0
2019 X 7 X C1072 X AS27138,0.0
2019 X 7 X C1072 X AS27133,0.0
2019 X 7 X C1061 X AS42018,0.0
2019 X 7 X C1061 X AS21126,0.0
2019 X 7 X C1061 X AS27134,0.0
2019 X 7 X C1061 X AS27132,0.0
2019 X 7 X C1061 X AS27000,0.0
2019 X 7 X C1061 X AS27137,0.0
2019 X 7 X C1061 X AS27138,0.0
2019 X 7 X C1061 X AS27133,0.0
2019 X 8 X C1061 X AS42018,0.0
2019 X 8 X C1061 X AS21126,0.0
2019 X 8 X C1061 X AS27134,0.0
2019 X 8 X C1061 X AS27132,0.0
2019 X 8 X C1061 X AS27000,0.0
2019 X 8 X C1061 X AS27137,0.0
2019 X 8 X C1061 X AS27138,0.0
2019 X 8 X C1061 X AS27133,0.0
2019 X 8 X C1072 X AS21126,0.0
2019 X 8 X C1072 X AS27134,0.0
2019 X 8 X C1072 X AS27132,0.0
2019 X 8 X C1072 X AS27000,0.0
2019 X 8 X C1072 X AS27139,0.0
2019 X 8 X C1072 X AS27137,0.0
2019 X 8 X C1072 X AS27138,0.0
2019 X 8 X C1072 X AS27133,0.0
2019 X 9 X C1061 X AS21126,0.0
2019 X 9 X C1061 X AS42018,0.0
2019 X 9 X C1061 X AS27134,0.0
2019 X 9 X C1061 X AS27132,0.0
2019 X 9 X C1061 X AS27000,0.0
2019 X 9 X C1061 X AS27137,0.0
2019 X 9 X C1061 X AS27138,0.0
2019 X 9 X C1061 X AS27133,0.0
2019 X 9 X C1072 X AS21126,0.0
2019 X 9 X C1072 X AS27134,0.0
2019 X 9 X C1072 X AS27132,0.0
2019 X 9 X C1072 X AS27000,0.0
2019 X 9 X C1072 X AS27139,0.0
2019 X 9 X C1072 X AS27137,0.0
2019 X 9 X C1072 X AS27138,0.0
2019 X 9 X C1072 X AS27133,0.0
2019 X 7 X C2070 X AS46000,0.0
2019 X 7 X C2070 X AS27134,0.0
2019 X 7 X C2070 X AS27132,0.0
2019 X 7 X C2070 X AS27000,0.0
2019 X 7 X C2070 X AS27137,0.0
2019 X 7 X C2070 X AS27138,0.0
2019 X 7 X C2070 X AS27133,0.0
2019 X 8 X C2070 X AS46000,0.0
2019 X 8 X C2070 X AS27134,0.0
2019 X 8 X C2070 X AS27132,0.0
2019 X 8 X C2070 X AS27000,0.0
2019 X 8 X C2070 X AS27137,0.0
2019 X 8 X C2070 X AS27138,0.0
2019 X 8 X C2070 X AS27133,0.0
2019 X 9 X C2070 X AS46000,0.0
2019 X 9 X C2070 X AS27134,0.0
2019 X 9 X C2070 X AS27132,0.0
2019 X 9 X C2070 X AS27000,0.0
2019 X 9 X C2070 X AS27137,0.0
2019 X 9 X C2070 X AS27138,0.0
2019 X 9 X C2070 X AS27133,0.0
2019 X 7 X C2009 X AS17005,0.0
2019 X 7 X C2009 X AS27132,0.0
2019 X 7 X C2009 X AS27000,0.0
2019 X 7 X C2009 X AS27138,0.0
2019 X 7 X C2009 X AS27133,0.0
2019 X 8 X C2009 X AS17005,0.0
2019 X 8 X C2009 X AS27132,0.0
2019 X 8 X C2009 X AS27000,0.0
2019 X 8 X C2009 X AS27138,0.0
2019 X 8 X C2009 X AS27133,0.0
2019 X 9 X C2009 X AS17005,0.0
2019 X 9 X C2009 X AS27132,0.0
2019 X 9 X C2009 X AS27000,0.0
2019 X 9 X C2009 X AS27138,0.0
2019 X 9 X C2009 X AS27133,0.0
2019 X 7 X C1078 X AS42018,0.0
2019 X 7 X C1078 X AS21126,0.0
2019 X 7 X C1078 X AS27134,0.0
2019 X 7 X C1078 X AS27132,0.0
2019 X 7 X C1078 X AS27000,0.0
2019 X 7 X C1078 X AS27137,0.0
2019 X 7 X C1078 X AS27138,0.0
2019 X 7 X C1078 X AS27133,0.0
2019 X 7 X C1070 X AS21126,0.0
2019 X 7 X C1070 X AS27134,0.0
2019 X 7 X C1070 X AS27132,0.0
2019 X 7 X C1070 X AS27000,0.0
2019 X 7 X C1073 X AS27134,0.0
2019 X 7 X C1073 X AS27132,0.0
2019 X 7 X C1073 X AS27000,0.0
2019 X 7 X C1073 X AS27137,0.0
2019 X 7 X C1073 X AS27138,0.0
2019 X 7 X C1073 X AS27133,0.0
2019 X 7 X C1017 X AS42018,0.0
2019 X 7 X C1017 X AS21126,0.0
2019 X 7 X C1017 X AS27134,0.0
2019 X 7 X C1017 X AS27132,0.0
2019 X 7 X C1017 X AS27000,0.0
2019 X 7 X C1017 X AS27137,0.0
2019 X 7 X C1017 X AS27138,0.0
2019 X 7 X C1017 X AS27133,0.0
2019 X 8 X C1073 X AS27134,0.0
2019 X 8 X C1073 X AS27132,0.0
2019 X 8 X C1073 X AS27000,0.0
2019 X 8 X C1073 X AS27137,0.0
2019 X 8 X C1073 X AS27138,0.0
2019 X 8 X C1073 X AS27133,0.0
2019 X 8 X C1017 X AS42018,0.0
2019 X 8 X C1017 X AS21126,0.0
2019 X 8 X C1017 X AS27134,0.0
2019 X 8 X C1017 X AS27132,0.0
2019 X 8 X C1017 X AS27000,0.0
2019 X 8 X C1017 X AS27137,0.0
2019 X 8 X C1017 X AS27138,0.0
2019 X 8 X C1017 X AS27133,0.0
2019 X 8 X C1078 X AS21126,0.0
2019 X 8 X C1078 X AS42018,0.0
2019 X 8 X C1078 X AS27134,0.0
2019 X 8 X C1078 X AS27132,0.0
2019 X 8 X C1078 X AS27000,0.0
2019 X 8 X C1078 X AS27137,0.0
2019 X 8 X C1078 X AS27138,0.0
2019 X 8 X C1078 X AS27133,0.0
2019 X 8 X C1070 X AS21126,0.0
2019 X 8 X C1070 X AS27134,0.0
2019 X 8 X C1070 X AS27132,0.0
2019 X 8 X C1070 X AS27000,0.0
2019 X 9 X C1073 X AS21126,0.0
2019 X 9 X C1073 X AS27134,0.0
2019 X 9 X C1073 X AS27132,0.0
2019 X 9 X C1073 X AS27000,0.0
2019 X 9 X C1073 X AS27137,0.0
2019 X 9 X C1073 X AS27138,0.0
2019 X 9 X C1073 X AS27133,0.0
2019 X 9 X C1078 X AS42018,0.0
2019 X 9 X C1078 X AS21126,0.0
2019 X 9 X C1078 X AS27134,0.0
2019 X 9 X C1078 X AS27132,0.0
2019 X 9 X C1078 X AS27000,0.0
2019 X 9 X C1078 X AS27137,0.0
2019 X 9 X C1078 X AS27138,0.0
2019 X 9 X C1078 X AS27133,0.0
2019 X 9 X C1070 X AS21126,0.0
2019 X 9 X C1070 X AS27134,0.0
2019 X 9 X C1070 X AS27132,0.0
2019 X 9 X C1070 X AS27000,0.0
2019 X 9 X C1017 X AS21126,0.0
2019 X 9 X C1017 X AS42018,0.0
2019 X 9 X C1017 X AS27134,0.0
2019 X 9 X C1017 X AS27132,0.0
2019 X 9 X C1017 X AS27000,0.0
2019 X 9 X C1017 X AS27137,0.0
2019 X 9 X C1017 X AS27138,0.0
2019 X 9 X C1017 X AS27133,0.0
2019 X 7 X C1028 X AS21126,0.0
2019 X 7 X C1028 X AS17005,0.0
2019 X 7 X C1028 X AS27134,0.0
2019 X 7 X C1028 X AS27132,0.0
2019 X 7 X C1028 X AS27000,1.0
2019 X 7 X C1028 X AS27137,0.0
2019 X 7 X C1028 X AS27138,0.0
2019 X 7 X C1028 X AS27133,0.0
2019 X 7 X C1074 X AS27134,0.0
2019 X 7 X C1074 X AS27132,0.0
2019 X 7 X C1074 X AS27000,0.0
2019 X 7 X C1074 X AS27137,0.0
2019 X 7 X C1074 X AS27138,0.0
2019 X 7 X C1074 X AS27133,0.0
2019 X 7 X C1077 X AS21126,0.0
2019 X 7 X C1077 X AS42018,0.0
2019 X 7 X C1077 X AS46000,0.0
2019 X 7 X C1077 X AS17005,0.0
2019 X 7 X C1077 X AS27134,0.0
2019 X 7 X C1077 X AS27132,0.0
2019 X 7 X C1077 X AS27000,163.0
2019 X 7 X C1077 X AS27137,0.0
2019 X 7 X C1077 X AS27138,0.0
2019 X 7 X C1077 X AS27133,0.0
2019 X 7 X C1067 X AS27134,0.0
2019 X 7 X C1067 X AS27000,0.0
2019 X 7 X C1067 X AS27137,0.0
2019 X 7 X C1067 X AS27133,0.0
2019 X 7 X C1099 X AS42018,0.0
2019 X 7 X C1099 X AS21126,0.0
2019 X 7 X C1099 X AS17005,0.0
2019 X 7 X C1099 X AS27134,0.0
2019 X 7 X C1099 X AS27132,0.0
2019 X 7 X C1099 X AS27000,0.0
2019 X 7 X C1099 X AS27137,0.0
2019 X 7 X C1099 X AS27138,0.0
2019 X 7 X C1099 X AS27133,0.0
2019 X 7 X C1007 X AS42018,55.17241287231445
2019 X 7 X C1007 X AS21126,0.0
2019 X 7 X C1007 X AS46000,0.2200530767440796
2019 X 7 X C1007 X AS17005,0.013668626546859741
2019 X 7 X C1007 X AS27134,26.224728673696518
2019 X 7 X C1007 X AS27132,22.88509538769722
2019 X 7 X C1007 X AS27000,1.7220892603509128
2019 X 7 X C1007 X AS27139,0.1261129528284073
2019 X 7 X C1007 X AS27137,11.978955566883087
2019 X 7 X C1007 X AS27138,15.534999668598175
2019 X 7 X C1007 X AS27133,22.046276181936264
2019 X 8 X C1074 X AS27134,0.0
2019 X 8 X C1074 X AS27132,0.0
2019 X 8 X C1074 X AS27000,0.0
2019 X 8 X C1074 X AS27137,0.0
2019 X 8 X C1074 X AS27138,0.0
2019 X 8 X C1074 X AS27133,0.0
2019 X 8 X C1028 X AS21126,0.0
2019 X 8 X C1028 X AS17005,0.0
2019 X 8 X C1028 X AS27134,0.0
2019 X 8 X C1028 X AS27132,0.0
2019 X 8 X C1028 X AS27000,1.0
2019 X 8 X C1028 X AS27137,0.0
2019 X 8 X C1028 X AS27138,0.0
2019 X 8 X C1028 X AS27133,0.0
2019 X 8 X C1077 X AS21126,0.0
2019 X 8 X C1077 X AS27134,0.0
2019 X 8 X C1077 X AS27132,0.0
2019 X 8 X C1077 X AS27000,163.0
2019 X 8 X C1077 X AS27137,0.0
2019 X 8 X C1077 X AS27138,0.0
2019 X 8 X C1077 X AS27133,0.0
2019 X 8 X C1067 X AS27134,0.0
2019 X 8 X C1067 X AS27000,0.0
2019 X 8 X C1067 X AS27137,0.0
2019 X 8 X C1067 X AS27133,0.0
2019 X 8 X C1099 X AS42018,0.0
2019 X 8 X C1099 X AS21126,0.0
2019 X 8 X C1099 X AS17005,0.0
2019 X 8 X C1099 X AS27134,0.0
2019 X 8 X C1099 X AS27132,0.0
2019 X 8 X C1099 X AS27000,0.0
2019 X 8 X C1099 X AS27137,0.0
2019 X 8 X C1099 X AS27138,0.0
2019 X 8 X C1099 X AS27133,0.0
2019 X 8 X C1007 X AS21126,0.0
2019 X 8 X C1007 X AS42018,68.47112846374512
2019 X 8 X C1007 X AS46000,0.2717702388763428
2019 X 8 X C1007 X AS17005,0.014836680144071579
2019 X 8 X C1007 X AS27134,28.05996686220169
2019 X 8 X C1007 X AS27132,21.349615305662155
2019 X 8 X C1007 X AS27000,0.0
2019 X 8 X C1007 X AS27139,0.14582832157611847
2019 X 8 X C1007 X AS27137,11.442714035511017
2019 X 8 X C1007 X AS27138,15.567875504493713
2019 X 8 X C1007 X AS27133,23.17143201828003
2019 X 9 X C1028 X AS21126,0.0
2019 X 9 X C1028 X AS17005,0.0
2019 X 9 X C1028 X AS27134,0.0
2019 X 9 X C1028 X AS27132,0.0
2019 X 9 X C1028 X AS27000,1.0
2019 X 9 X C1028 X AS27137,0.0
2019 X 9 X C1028 X AS27138,0.0
2019 X 9 X C1028 X AS27133,0.0
2019 X 9 X C1074 X AS27134,0.0
2019 X 9 X C1074 X AS27132,0.0
2019 X 9 X C1074 X AS27000,0.0
2019 X 9 X C1074 X AS27137,0.0
2019 X 9 X C1074 X AS27138,0.0
2019 X 9 X C1074 X AS27133,0.0
2019 X 9 X C1077 X AS21126,0.0
2019 X 9 X C1077 X AS27134,0.0
2019 X 9 X C1077 X AS27132,0.0
2019 X 9 X C1077 X AS27000,163.0
2019 X 9 X C1077 X AS27137,0.0
2019 X 9 X C1077 X AS27138,0.0
2019 X 9 X C1077 X AS27133,0.0
2019 X 9 X C1099 X AS21126,0.0
2019 X 9 X C1099 X AS42018,0.0
2019 X 9 X C1099 X AS17005,0.0
2019 X 9 X C1099 X AS27134,0.0
2019 X 9 X C1099 X AS27000,0.0
2019 X 9 X C1099 X AS27137,0.0
2019 X 9 X C1099 X AS27138,0.0
2019 X 9 X C1099 X AS27133,0.0
2019 X 9 X C1007 X AS21126,0.0
2019 X 9 X C1007 X AS42018,86.52310180664062
2019 X 9 X C1007 X AS46000,0.3303423523902893
2019 X 9 X C1007 X AS17005,0.015856532379984856
2019 X 9 X C1007 X AS27134,29.858671128749847
2019 X 9 X C1007 X AS27132,19.88681933283806
2019 X 9 X C1007 X AS27000,0.0
2019 X 9 X C1007 X AS27139,0.16558128595352173
2019 X 9 X C1007 X AS27137,10.952457189559937
2019 X 9 X C1007 X AS27138,15.550471693277359
2019 X 9 X C1007 X AS27133,24.243797957897186
2019 X 9 X C1067 X AS27134,0.0
2019 X 9 X C1067 X AS27000,0.0
2019 X 9 X C1067 X AS27137,0.0
2019 X 9 X C1067 X AS27133,0.0
2019 X 7 X C5006 X AS27134,0.0
2019 X 7 X C5006 X AS27132,0.0
2019 X 7 X C5006 X AS27000,0.0
2019 X 7 X C5006 X AS27139,0.0
2019 X 7 X C5006 X AS27137,0.0
2019 X 7 X C5006 X AS27138,0.0
2019 X 7 X C5006 X AS27133,0.0
2019 X 8 X C5006 X AS27134,0.0
2019 X 8 X C5006 X AS27132,0.0
2019 X 8 X C5006 X AS27000,0.0
2019 X 8 X C5006 X AS27139,0.0
2019 X 8 X C5006 X AS27137,0.0
2019 X 8 X C5006 X AS27138,0.0
2019 X 8 X C5006 X AS27133,0.0
2019 X 9 X C5006 X AS27134,0.0
2019 X 9 X C5006 X AS27132,0.0
2019 X 9 X C5006 X AS27000,0.0
2019 X 9 X C5006 X AS27139,0.0
2019 X 9 X C5006 X AS27137,0.0
2019 X 9 X C5006 X AS27138,0.0
2019 X 9 X C5006 X AS27133,0.0
2019 X 7 X C2071 X AS46000,0.0
2019 X 7 X C2071 X AS27134,0.0
2019 X 7 X C2071 X AS27132,0.0
2019 X 7 X C2071 X AS27000,0.0
2019 X 7 X C2071 X AS27139,0.0
2019 X 7 X C2071 X AS27137,0.0
2019 X 7 X C2071 X AS27138,0.0
2019 X 7 X C2071 X AS27133,0.0
2019 X 8 X C2071 X AS46000,0.0
2019 X 8 X C2071 X AS27134,0.0
2019 X 8 X C2071 X AS27132,0.0
2019 X 8 X C2071 X AS27000,0.0
2019 X 8 X C2071 X AS27139,0.0
2019 X 8 X C2071 X AS27137,0.0
2019 X 8 X C2071 X AS27138,0.0
2019 X 8 X C2071 X AS27133,0.0
2019 X 9 X C2071 X AS46000,0.0
2019 X 9 X C2071 X AS27134,0.0
2019 X 9 X C2071 X AS27132,0.0
2019 X 9 X C2071 X AS27000,0.0
2019 X 9 X C2071 X AS27139,0.0
2019 X 9 X C2071 X AS27137,0.0
2019 X 9 X C2071 X AS27138,0.0
2019 X 9 X C2071 X AS27133,0.0
2019 X 7 X C2055 X AS17005,0.0
2019 X 7 X C2055 X AS27134,0.0
2019 X 7 X C2055 X AS27132,0.0
2019 X 7 X C2055 X AS27000,0.0
2019 X 7 X C2055 X AS27139,0.0
2019 X 7 X C2055 X AS27137,0.0
2019 X 7 X C2055 X AS27138,0.0
2019 X 7 X C2055 X AS27133,0.0
2019 X 8 X C2055 X AS27132,0.0
2019 X 8 X C2055 X AS27000,0.0
2019 X 8 X C2055 X AS27139,0.0
2019 X 8 X C2055 X AS27137,0.0
2019 X 8 X C2055 X AS27138,0.0
2019 X 8 X C2055 X AS27133,0.0
2019 X 9 X C2055 X AS27132,0.0
2019 X 9 X C2055 X AS27000,0.0
2019 X 9 X C2055 X AS27139,0.0
2019 X 9 X C2055 X AS27137,0.0
2019 X 9 X C2055 X AS27138,0.0
2019 X 9 X C2055 X AS27133,0.0
2019 X 9 X C5076 X AS27132,0.0
2019 X 9 X C5076 X AS27000,0.0
2019 X 9 X C5076 X AS27139,0.0
2019 X 9 X C5076 X AS27137,0.0
2019 X 9 X C5076 X AS27138,0.0
2019 X 9 X C5076 X AS27133,0.0
